"TimeUTC","timestampInMs","requestPath","requestMethod","responseStatusCode","requestId","requestUserAgent","level","environment","branch","vercelCache","type","function","host","deploymentDomain","deploymentId","lambdaDurationInMs","lambdaRegion","lambdaMaxMemoryUsed","lambdaMemorySize","message","projectId","wafAction"
"2024-11-22 05:48:26",1732254506200,"class-tracking.vercel.app/watch","POST",504,"cle1::iad1::bzzg4-1732254496120-00b136545ead","['Mozilla/5.0 (Macintosh; Intel Mac OS X 10_15_7) AppleWebKit/537.36 (KHTML, like Gecko) Chrome/131.0.0.0 Safari/537.36']","error","production","main","MISS","lambda","/app/main.py","class-tracking.vercel.app","class-tracking.vercel.app","dpl_CeZyyJzYdftJowC8vk6fDEmy9xsr",10000,"iad1",260,1024,"Received watch request - Subject: CSCE, Course: 441, CRNs: None, Email: zhjyu11@tamu.edu
Fetched sections: [{'CRN': '54770', 'Subject': 'CSCE', 'Course': '441', 'Section': '200', 'Title': 'HNR-COMPUTER GRAPHICS', 'Instructor': 'Shinjiro Sueda (P)', 'Status': 'Open', 'Location': 'College Station| Honors'}, {'CRN': '12374', 'Subject': 'CSCE', 'Course': '441', 'Section': '500', 'Title': 'COMPUTER GRAPHICS', 'Instructor': 'Shinjiro Sueda (P)', 'Status': 'Closed', 'Location': 'College Station'}, {'CRN': '55317', 'Subject': 'CSCE', 'Course': '441', 'Section': '550', 'Title': 'COMPUTER GRAPHICS', 'Instructor': 'Alpaslan Duysak (P)', 'Status': 'Open', 'Location': 'Galveston'}]
Confirmation email sent to zhjyu11@tamu.edu
","prj_qZYFGDZBpFoAK4D3PH0dgsQ8qbn3","-"
"2024-11-22 05:48:16",1732254496131,"class-tracking.vercel.app/watch","POST",200,"cle1::cle1::bzzg4-1732254496120-00b136545ead","['Mozilla/5.0 (Macintosh; Intel Mac OS X 10_15_7) AppleWebKit/537.36 (KHTML, like Gecko) Chrome/131.0.0.0 Safari/537.36']","info","production","main","MISS","edge-middleware","/watch","class-tracking.vercel.app","class-tracking.vercel.app","dpl_CeZyyJzYdftJowC8vk6fDEmy9xsr",-1,"cle1",-1,-1,"","prj_qZYFGDZBpFoAK4D3PH0dgsQ8qbn3","-"
"2024-11-22 05:48:14",1732254494721,"class-tracking-o0wsr93by-joes-projects-b842dc8a.vercel.app/","GET",200,"cle1:cle1:sfo1:sfo1:sfo1::iad1::75d8j-1732254489627-8ac640b16690","['Vercel Edge Functions']","info","production","main","MISS","lambda","/app/main.py","class-tracking-o0wsr93by-joes-projects-b842dc8a.vercel.app","class-tracking-o0wsr93by-joes-projects-b842dc8a.vercel.app","dpl_CeZyyJzYdftJowC8vk6fDEmy9xsr",5008.36,"iad1",129,1024,"Database operation timed out
","prj_qZYFGDZBpFoAK4D3PH0dgsQ8qbn3","-"
"2024-11-22 05:48:07",1732254487459,"class-tracking.vercel.app/static/styles.css","GET",304,"cle1::iad1::pqmbp-1732254487366-fe788d890b28","['Mozilla/5.0 (Macintosh; Intel Mac OS X 10_15_7) AppleWebKit/537.36 (KHTML, like Gecko) Chrome/131.0.0.0 Safari/537.36']","info","production","main","MISS","lambda","/app/main.py","class-tracking.vercel.app","class-tracking.vercel.app","dpl_CeZyyJzYdftJowC8vk6fDEmy9xsr",62.39,"iad1",129,1024,"","prj_qZYFGDZBpFoAK4D3PH0dgsQ8qbn3","-"
"2024-11-22 05:48:07",1732254487296,"class-tracking.vercel.app/","GET",200,"cle1:cle1::iad1::9fhmh-1732254477564-89e3785fdb67","['Mozilla/5.0 (Macintosh; Intel Mac OS X 10_15_7) AppleWebKit/537.36 (KHTML, like Gecko) Chrome/131.0.0.0 Safari/537.36']","info","production","main","MISS","lambda","/app/main.py","class-tracking.vercel.app","class-tracking.vercel.app","dpl_CeZyyJzYdftJowC8vk6fDEmy9xsr",9701.27,"iad1",126,1024,"Successfully connected to MongoDB Atlas
Successfully connected to MongoDB Atlas
All services initialized successfully
using Asynchronous Server Gateway Interface (ASGI)
Database operation timed out
","prj_qZYFGDZBpFoAK4D3PH0dgsQ8qbn3","-"
"2024-11-22 05:47:57",1732254477769,"class-tracking.vercel.app/","GET",200,"cle1:cle1::iad1::2rdct-1732254468402-8e49731d5aac","['Mozilla/5.0 (Macintosh; Intel Mac OS X 10_15_7) AppleWebKit/537.36 (KHTML, like Gecko) Chrome/131.0.0.0 Safari/537.36']","info","production","main","MISS","lambda","/app/main.py","class-tracking.vercel.app","class-tracking.vercel.app","dpl_CeZyyJzYdftJowC8vk6fDEmy9xsr",9323.08,"iad1",126,1024,"Successfully connected to MongoDB Atlas
Successfully connected to MongoDB Atlas
All services initialized successfully
using Asynchronous Server Gateway Interface (ASGI)
Database operation timed out
","prj_qZYFGDZBpFoAK4D3PH0dgsQ8qbn3","-"
"2024-11-22 05:47:48",1732254468364,"class-tracking.vercel.app/","GET",200,"cle1::cle1::zs8qd-1732254468350-c8c9c67cc529","['Mozilla/5.0 (Macintosh; Intel Mac OS X 10_15_7) AppleWebKit/537.36 (KHTML, like Gecko) Chrome/131.0.0.0 Safari/537.36']","info","production","main","MISS","edge-middleware","/","class-tracking.vercel.app","class-tracking.vercel.app","dpl_CeZyyJzYdftJowC8vk6fDEmy9xsr",-1,"cle1",-1,-1,"","prj_qZYFGDZBpFoAK4D3PH0dgsQ8qbn3","-"
"2024-11-22 05:47:44",1732254464160,"class-tracking.vercel.app/watch","POST",504,"cle1::iad1::bmlb8-1732254454083-df3a63de51a3","['Mozilla/5.0 (Macintosh; Intel Mac OS X 10_15_7) AppleWebKit/537.36 (KHTML, like Gecko) Chrome/131.0.0.0 Safari/537.36']","error","production","main","MISS","lambda","/app/main.py","class-tracking.vercel.app","class-tracking.vercel.app","dpl_CeZyyJzYdftJowC8vk6fDEmy9xsr",10000,"iad1",256,1024,"Received watch request - Subject: None, Course: None, CRNs: 12374, Email: shengshengzhou700@gmail.com
Fetched sections: [{'CRN': '12374', 'Subject': 'CSCE', 'Course': '441', 'Section': '500', 'Title': 'COMPUTER GRAPHICS', 'Instructor': 'Shinjiro Sueda (P)', 'Status': 'Closed', 'Location': 'College Station'}]
Confirmation email sent to shengshengzhou700@gmail.com
","prj_qZYFGDZBpFoAK4D3PH0dgsQ8qbn3","-"
"2024-11-22 05:47:36",1732254456563,"class-tracking.vercel.app/watch","POST",504,"cle1::iad1::bmlb8-1732254446487-d1954e0dab7f","['Mozilla/5.0 (Macintosh; Intel Mac OS X 10_15_7) AppleWebKit/537.36 (KHTML, like Gecko) Chrome/131.0.0.0 Safari/537.36']","error","production","main","MISS","lambda","/app/main.py","class-tracking.vercel.app","class-tracking.vercel.app","dpl_CeZyyJzYdftJowC8vk6fDEmy9xsr",10000,"iad1",256,1024,"Received watch request - Subject: None, Course: None, CRNs: 12374, Email: shengshengzhou700@gmail.com
Fetched sections: [{'CRN': '12374', 'Subject': 'CSCE', 'Course': '441', 'Section': '500', 'Title': 'COMPUTER GRAPHICS', 'Instructor': 'Shinjiro Sueda (P)', 'Status': 'Closed', 'Location': 'College Station'}]
Confirmation email sent to shengshengzhou700@gmail.com
","prj_qZYFGDZBpFoAK4D3PH0dgsQ8qbn3","-"
"2024-11-22 05:47:26",1732254446496,"class-tracking.vercel.app/watch","POST",200,"cle1::cle1::bmlb8-1732254446487-d1954e0dab7f","['Mozilla/5.0 (Macintosh; Intel Mac OS X 10_15_7) AppleWebKit/537.36 (KHTML, like Gecko) Chrome/131.0.0.0 Safari/537.36']","info","production","main","MISS","edge-middleware","/watch","class-tracking.vercel.app","class-tracking.vercel.app","dpl_CeZyyJzYdftJowC8vk6fDEmy9xsr",-1,"cle1",-1,-1,"","prj_qZYFGDZBpFoAK4D3PH0dgsQ8qbn3","-"
"2024-11-22 05:47:09",1732254429398,"class-tracking-o0wsr93by-joes-projects-b842dc8a.vercel.app/","GET",200,"cle1:cle1:sfo1:sfo1:sfo1::iad1::vf2md-1732254424293-f4255d217cba","['Vercel Edge Functions']","info","production","main","MISS","lambda","/app/main.py","class-tracking-o0wsr93by-joes-projects-b842dc8a.vercel.app","class-tracking-o0wsr93by-joes-projects-b842dc8a.vercel.app","dpl_CeZyyJzYdftJowC8vk6fDEmy9xsr",5008.34,"iad1",129,1024,"Database operation timed out
","prj_qZYFGDZBpFoAK4D3PH0dgsQ8qbn3","-"
"2024-11-22 05:47:02",1732254422599,"class-tracking.vercel.app/static/styles.css","GET",304,"cle1::iad1::dh58r-1732254422506-61d679d758e8","['Mozilla/5.0 (Macintosh; Intel Mac OS X 10_15_7) AppleWebKit/537.36 (KHTML, like Gecko) Chrome/131.0.0.0 Safari/537.36']","info","production","main","MISS","lambda","/app/main.py","class-tracking.vercel.app","class-tracking.vercel.app","dpl_CeZyyJzYdftJowC8vk6fDEmy9xsr",59.52,"iad1",129,1024,"","prj_qZYFGDZBpFoAK4D3PH0dgsQ8qbn3","-"
"2024-11-22 05:47:02",1732254422437,"class-tracking.vercel.app/","GET",200,"cle1:cle1::iad1::n4xvx-1732254417310-49a71ef2a067","['Mozilla/5.0 (Macintosh; Intel Mac OS X 10_15_7) AppleWebKit/537.36 (KHTML, like Gecko) Chrome/131.0.0.0 Safari/537.36']","info","production","main","MISS","lambda","/app/main.py","class-tracking.vercel.app","class-tracking.vercel.app","dpl_CeZyyJzYdftJowC8vk6fDEmy9xsr",5008.79,"iad1",126,1024,"Database operation timed out
","prj_qZYFGDZBpFoAK4D3PH0dgsQ8qbn3","-"
"2024-11-22 05:46:57",1732254417270,"class-tracking.vercel.app/","GET",200,"cle1::cle1::bmlb8-1732254417214-f6c72981e303","['Mozilla/5.0 (Macintosh; Intel Mac OS X 10_15_7) AppleWebKit/537.36 (KHTML, like Gecko) Chrome/131.0.0.0 Safari/537.36']","info","production","main","MISS","edge-middleware","/","class-tracking.vercel.app","class-tracking.vercel.app","dpl_CeZyyJzYdftJowC8vk6fDEmy9xsr",-1,"cle1",-1,-1,"","prj_qZYFGDZBpFoAK4D3PH0dgsQ8qbn3","-"
"2024-11-22 05:46:46",1732254406630,"class-tracking-o0wsr93by-joes-projects-b842dc8a.vercel.app/favicon.png","GET",404,"sfo1::iad1::wmkm5-1732254406546-3f517a6d504b","['Mozilla/5.0 (Windows NT 10.0; Win64; x64) AppleWebKit/537.36 (KHTML, like Gecko) Chrome/126.0.0.0 Safari/537.36 OPR/112.0.0.0']","warning","production","main","MISS","lambda","/app/main.py","class-tracking-o0wsr93by-joes-projects-b842dc8a.vercel.app","class-tracking-o0wsr93by-joes-projects-b842dc8a.vercel.app","dpl_CeZyyJzYdftJowC8vk6fDEmy9xsr",2.39,"iad1",126,1024,"","prj_qZYFGDZBpFoAK4D3PH0dgsQ8qbn3","-"
"2024-11-22 05:46:46",1732254406540,"class-tracking-o0wsr93by-joes-projects-b842dc8a.vercel.app/favicon.ico","GET",404,"sfo1::iad1::wmkm5-1732254406447-f3ca15a30c0b","['Mozilla/5.0 (Windows NT 10.0; Win64; x64) AppleWebKit/537.36 (KHTML, like Gecko) Chrome/126.0.0.0 Safari/537.36 OPR/112.0.0.0']","warning","production","main","MISS","lambda","/app/main.py","class-tracking-o0wsr93by-joes-projects-b842dc8a.vercel.app","class-tracking-o0wsr93by-joes-projects-b842dc8a.vercel.app","dpl_CeZyyJzYdftJowC8vk6fDEmy9xsr",3.43,"iad1",126,1024,"","prj_qZYFGDZBpFoAK4D3PH0dgsQ8qbn3","-"
"2024-11-22 05:46:46",1732254406234,"class-tracking-o0wsr93by-joes-projects-b842dc8a.vercel.app/","GET",200,"sfo1::iad1::xrtxk-1732254401127-03734b9a073a","['Mozilla/5.0 (Windows NT 10.0; Win64; x64) AppleWebKit/537.36 (KHTML, like Gecko) Chrome/126.0.0.0 Safari/537.36 OPR/112.0.0.0']","info","production","main","MISS","lambda","/app/main.py","class-tracking-o0wsr93by-joes-projects-b842dc8a.vercel.app","class-tracking-o0wsr93by-joes-projects-b842dc8a.vercel.app","dpl_CeZyyJzYdftJowC8vk6fDEmy9xsr",5008.94,"iad1",126,1024,"Database operation timed out
","prj_qZYFGDZBpFoAK4D3PH0dgsQ8qbn3","-"
"2024-11-22 05:46:34",1732254394376,"class-tracking-o0wsr93by-joes-projects-b842dc8a.vercel.app/","GET",200,"sfo1::iad1::45l46-1732254389263-b915facbe2e4","['vercel-screenshot/1.0']","info","production","main","MISS","lambda","/app/main.py","class-tracking-o0wsr93by-joes-projects-b842dc8a.vercel.app","class-tracking-o0wsr93by-joes-projects-b842dc8a.vercel.app","dpl_CeZyyJzYdftJowC8vk6fDEmy9xsr",5009.31,"iad1",126,1024,"Database operation timed out
","prj_qZYFGDZBpFoAK4D3PH0dgsQ8qbn3","-"
"2024-11-22 05:46:34",1732254394369,"class-tracking-o0wsr93by-joes-projects-b842dc8a.vercel.app/","GET",200,"sfo1::iad1::hbz9n-1732254389278-6b5c0f6be932","['vercel-screenshot/1.0']","info","production","main","MISS","lambda","/app/main.py","class-tracking-o0wsr93by-joes-projects-b842dc8a.vercel.app","class-tracking-o0wsr93by-joes-projects-b842dc8a.vercel.app","dpl_CeZyyJzYdftJowC8vk6fDEmy9xsr",5009.11,"iad1",126,1024,"Database operation timed out
","prj_qZYFGDZBpFoAK4D3PH0dgsQ8qbn3","-"
"2024-11-22 05:46:33",1732254393659,"class-tracking-o0wsr93by-joes-projects-b842dc8a.vercel.app/favicon.ico","GET",404,"sfo1::iad1::npskr-1732254393577-e7892e2801cc","['vercel-screenshot/1.0']","warning","production","main","MISS","lambda","/app/main.py","class-tracking-o0wsr93by-joes-projects-b842dc8a.vercel.app","class-tracking-o0wsr93by-joes-projects-b842dc8a.vercel.app","dpl_CeZyyJzYdftJowC8vk6fDEmy9xsr",1.99,"iad1",129,1024,"","prj_qZYFGDZBpFoAK4D3PH0dgsQ8qbn3","-"
"2024-11-22 05:46:33",1732254393647,"class-tracking-o0wsr93by-joes-projects-b842dc8a.vercel.app/favicon.ico","GET",404,"sfo1::iad1::qk4pl-1732254393563-4c5f83a219d1","['vercel-screenshot/1.0']","warning","production","main","MISS","lambda","/app/main.py","class-tracking-o0wsr93by-joes-projects-b842dc8a.vercel.app","class-tracking-o0wsr93by-joes-projects-b842dc8a.vercel.app","dpl_CeZyyJzYdftJowC8vk6fDEmy9xsr",2.11,"iad1",129,1024,"","prj_qZYFGDZBpFoAK4D3PH0dgsQ8qbn3","-"
"2024-11-22 05:46:33",1732254393509,"class-tracking-o0wsr93by-joes-projects-b842dc8a.vercel.app/static/styles.css","GET",200,"sfo1::iad1::25mvz-1732254393357-de448fd18096","['vercel-screenshot/1.0']","info","production","main","MISS","lambda","/app/main.py","class-tracking-o0wsr93by-joes-projects-b842dc8a.vercel.app","class-tracking-o0wsr93by-joes-projects-b842dc8a.vercel.app","dpl_CeZyyJzYdftJowC8vk6fDEmy9xsr",57.18,"iad1",129,1024,"","prj_qZYFGDZBpFoAK4D3PH0dgsQ8qbn3","-"
"2024-11-22 05:46:33",1732254393497,"class-tracking-o0wsr93by-joes-projects-b842dc8a.vercel.app/static/styles.css","GET",200,"sfo1::iad1::qk4pl-1732254393359-8317d5e2e58b","['vercel-screenshot/1.0']","info","production","main","MISS","lambda","/app/main.py","class-tracking-o0wsr93by-joes-projects-b842dc8a.vercel.app","class-tracking-o0wsr93by-joes-projects-b842dc8a.vercel.app","dpl_CeZyyJzYdftJowC8vk6fDEmy9xsr",54.2,"iad1",129,1024,"","prj_qZYFGDZBpFoAK4D3PH0dgsQ8qbn3","-"
"2024-11-22 05:46:30",1732254390976,"class-tracking-o0wsr93by-joes-projects-b842dc8a.vercel.app/","GET",200,"sfo1::iad1::tj7c2-1732254383201-9cc66036d791","['vercel-screenshot/1.0']","info","production","main","MISS","lambda","/app/main.py","class-tracking-o0wsr93by-joes-projects-b842dc8a.vercel.app","class-tracking-o0wsr93by-joes-projects-b842dc8a.vercel.app","dpl_CeZyyJzYdftJowC8vk6fDEmy9xsr",5016.61,"iad1",126,1024,"Successfully connected to MongoDB Atlas
Successfully connected to MongoDB Atlas
All services initialized successfully
using Asynchronous Server Gateway Interface (ASGI)
Database operation timed out
","prj_qZYFGDZBpFoAK4D3PH0dgsQ8qbn3","-"
"2024-11-22 05:46:28",1732254388286,"class-tracking-o0wsr93by-joes-projects-b842dc8a.vercel.app/","GET",200,"sfo1::iad1::chmq8-1732254383179-991851e2b2e8","['vercel-screenshot/1.0']","info","production","main","MISS","lambda","/app/main.py","class-tracking-o0wsr93by-joes-projects-b842dc8a.vercel.app","class-tracking-o0wsr93by-joes-projects-b842dc8a.vercel.app","dpl_CeZyyJzYdftJowC8vk6fDEmy9xsr",5016.49,"iad1",126,1024,"Database operation timed out
","prj_qZYFGDZBpFoAK4D3PH0dgsQ8qbn3","-"
"2024-11-22 05:46:26",1732254386413,"class-tracking-o0wsr93by-joes-projects-b842dc8a.vercel.app/","GET",200,"sfo1::iad1::xn6wn-1732254378085-b6e8da0af900","['vercel-screenshot/1.0']","info","production","main","MISS","lambda","/app/main.py","class-tracking-o0wsr93by-joes-projects-b842dc8a.vercel.app","class-tracking-o0wsr93by-joes-projects-b842dc8a.vercel.app","dpl_CeZyyJzYdftJowC8vk6fDEmy9xsr",5018.15,"iad1",126,1024,"Successfully connected to MongoDB Atlas
Successfully connected to MongoDB Atlas
All services initialized successfully
using Asynchronous Server Gateway Interface (ASGI)
Database operation timed out
","prj_qZYFGDZBpFoAK4D3PH0dgsQ8qbn3","-"
"2024-11-22 05:46:26",1732254386389,"class-tracking-o0wsr93by-joes-projects-b842dc8a.vercel.app/","GET",200,"sfo1::iad1::wb6rb-1732254378106-b6dcd67b7aad","['vercel-screenshot/1.0']","info","production","main","MISS","lambda","/app/main.py","class-tracking-o0wsr93by-joes-projects-b842dc8a.vercel.app","class-tracking-o0wsr93by-joes-projects-b842dc8a.vercel.app","dpl_CeZyyJzYdftJowC8vk6fDEmy9xsr",5018.17,"iad1",126,1024,"Successfully connected to MongoDB Atlas
Successfully connected to MongoDB Atlas
All services initialized successfully
using Asynchronous Server Gateway Interface (ASGI)
Database operation timed out
","prj_qZYFGDZBpFoAK4D3PH0dgsQ8qbn3","-"
"2024-11-22 05:46:26",1732254386359,"class-tracking-o0wsr93by-joes-projects-b842dc8a.vercel.app/","GET",200,"sfo1::iad1::ltngh-1732254378095-b165399c2c8d","['vercel-screenshot/1.0']","info","production","main","MISS","lambda","/app/main.py","class-tracking-o0wsr93by-joes-projects-b842dc8a.vercel.app","class-tracking-o0wsr93by-joes-projects-b842dc8a.vercel.app","dpl_CeZyyJzYdftJowC8vk6fDEmy9xsr",5018.17,"iad1",126,1024,"Successfully connected to MongoDB Atlas
Successfully connected to MongoDB Atlas
All services initialized successfully
using Asynchronous Server Gateway Interface (ASGI)
Database operation timed out
","prj_qZYFGDZBpFoAK4D3PH0dgsQ8qbn3","-"
"2024-11-22 05:46:26",1732254386305,"class-tracking-o0wsr93by-joes-projects-b842dc8a.vercel.app/","GET",200,"sfo1::iad1::gpz66-1732254378112-199cc0bf0422","['vercel-screenshot/1.0']","info","production","main","MISS","lambda","/app/main.py","class-tracking-o0wsr93by-joes-projects-b842dc8a.vercel.app","class-tracking-o0wsr93by-joes-projects-b842dc8a.vercel.app","dpl_CeZyyJzYdftJowC8vk6fDEmy9xsr",5018.53,"iad1",126,1024,"Successfully connected to MongoDB Atlas
Successfully connected to MongoDB Atlas
All services initialized successfully
using Asynchronous Server Gateway Interface (ASGI)
Database operation timed out
","prj_qZYFGDZBpFoAK4D3PH0dgsQ8qbn3","-"
"2024-11-22 05:39:11",1732253951183,"class-tracking.vercel.app/watch","POST",504,"cle1::iad1::gt9n9-1732253941109-73901e542f50","['Mozilla/5.0 (Macintosh; Intel Mac OS X 10_15_7) AppleWebKit/537.36 (KHTML, like Gecko) Chrome/131.0.0.0 Safari/537.36']","error","production","main","MISS","lambda","/app/main.py","class-tracking.vercel.app","class-tracking.vercel.app","dpl_7xm2SsAztd5Zn6q8c6zyXeyJ3KFj",10000,"iad1",256,1024,"Received watch request - Subject: CSCE, Course: 441, CRNs: None, Email: shengshengzhou700@gmail.com
Fetched sections: [{'CRN': '54770', 'Subject': 'CSCE', 'Course': '441', 'Section': '200', 'Title': 'HNR-COMPUTER GRAPHICS', 'Instructor': 'Shinjiro Sueda (P)', 'Status': 'Open', 'Location': 'College Station| Honors'}, {'CRN': '12374', 'Subject': 'CSCE', 'Course': '441', 'Section': '500', 'Title': 'COMPUTER GRAPHICS', 'Instructor': 'Shinjiro Sueda (P)', 'Status': 'Closed', 'Location': 'College Station'}, {'CRN': '55317', 'Subject': 'CSCE', 'Course': '441', 'Section': '550', 'Title': 'COMPUTER GRAPHICS', 'Instructor': 'Alpaslan Duysak (P)', 'Status': 'Open', 'Location': 'Galveston'}]
Confirmation email sent to shengshengzhou700@gmail.com
","prj_qZYFGDZBpFoAK4D3PH0dgsQ8qbn3","-"
"2024-11-22 05:39:03",1732253943104,"class-tracking-50fqpoy93-joes-projects-b842dc8a.vercel.app/","GET",200,"cle1:cle1:sfo1:sfo1:sfo1::iad1::6kcvc-1732253938003-5d0462d3941a","['Vercel Edge Functions']","info","production","main","MISS","lambda","/app/main.py","class-tracking-50fqpoy93-joes-projects-b842dc8a.vercel.app","class-tracking-50fqpoy93-joes-projects-b842dc8a.vercel.app","dpl_7xm2SsAztd5Zn6q8c6zyXeyJ3KFj",5007.64,"iad1",126,1024,"Database operation timed out
","prj_qZYFGDZBpFoAK4D3PH0dgsQ8qbn3","-"
"2024-11-22 05:38:56",1732253936373,"class-tracking.vercel.app/","GET",200,"cle1:cle1::iad1::kpzx8-1732253926656-cfcfcf59aeb2","['Mozilla/5.0 (Macintosh; Intel Mac OS X 10_15_7) AppleWebKit/537.36 (KHTML, like Gecko) Chrome/131.0.0.0 Safari/537.36']","info","production","main","MISS","lambda","/app/main.py","class-tracking.vercel.app","class-tracking.vercel.app","dpl_7xm2SsAztd5Zn6q8c6zyXeyJ3KFj",9676.74,"iad1",126,1024,"Successfully connected to MongoDB Atlas
Successfully connected to MongoDB Atlas
All services initialized successfully
using Asynchronous Server Gateway Interface (ASGI)
Database operation timed out
","prj_qZYFGDZBpFoAK4D3PH0dgsQ8qbn3","-"
"2024-11-22 05:38:46",1732253926612,"class-tracking.vercel.app/","GET",200,"cle1::cle1::hg247-1732253926601-c7db5233dc72","['Mozilla/5.0 (Macintosh; Intel Mac OS X 10_15_7) AppleWebKit/537.36 (KHTML, like Gecko) Chrome/131.0.0.0 Safari/537.36']","info","production","main","MISS","edge-middleware","/","class-tracking.vercel.app","class-tracking.vercel.app","dpl_7xm2SsAztd5Zn6q8c6zyXeyJ3KFj",-1,"cle1",-1,-1,"","prj_qZYFGDZBpFoAK4D3PH0dgsQ8qbn3","-"
"2024-11-22 05:38:36",1732253916711,"class-tracking.vercel.app/watch","POST",504,"cle1::iad1::gb9ss-1732253906612-81261b34f3fc","['Mozilla/5.0 (Macintosh; Intel Mac OS X 10_15_7) AppleWebKit/537.36 (KHTML, like Gecko) Chrome/131.0.0.0 Safari/537.36']","error","production","main","MISS","lambda","/app/main.py","class-tracking.vercel.app","class-tracking.vercel.app","dpl_7xm2SsAztd5Zn6q8c6zyXeyJ3KFj",10000,"iad1",261,1024,"Received watch request - Subject: CSCE, Course: 441, CRNs: None, Email: shengshengzhou700@gmail.com
Fetched sections: [{'CRN': '54770', 'Subject': 'CSCE', 'Course': '441', 'Section': '200', 'Title': 'HNR-COMPUTER GRAPHICS', 'Instructor': 'Shinjiro Sueda (P)', 'Status': 'Open', 'Location': 'College Station| Honors'}, {'CRN': '12374', 'Subject': 'CSCE', 'Course': '441', 'Section': '500', 'Title': 'COMPUTER GRAPHICS', 'Instructor': 'Shinjiro Sueda (P)', 'Status': 'Closed', 'Location': 'College Station'}, {'CRN': '55317', 'Subject': 'CSCE', 'Course': '441', 'Section': '550', 'Title': 'COMPUTER GRAPHICS', 'Instructor': 'Alpaslan Duysak (P)', 'Status': 'Open', 'Location': 'Galveston'}]
Confirmation email sent to shengshengzhou700@gmail.com
","prj_qZYFGDZBpFoAK4D3PH0dgsQ8qbn3","-"
"2024-11-22 05:38:15",1732253895225,"class-tracking-50fqpoy93-joes-projects-b842dc8a.vercel.app/","GET",200,"cle1:cle1:sfo1:sfo1:sfo1::iad1::gvsvr-1732253890134-1b2d18bcef06","['Vercel Edge Functions']","info","production","main","MISS","lambda","/app/main.py","class-tracking-50fqpoy93-joes-projects-b842dc8a.vercel.app","class-tracking-50fqpoy93-joes-projects-b842dc8a.vercel.app","dpl_7xm2SsAztd5Zn6q8c6zyXeyJ3KFj",5005.24,"iad1",238,1024,"Database operation timed out
","prj_qZYFGDZBpFoAK4D3PH0dgsQ8qbn3","-"
"2024-11-22 05:38:08",1732253888513,"class-tracking.vercel.app/","GET",200,"cle1:cle1::iad1::7qjgb-1732253883467-082890d47619","['Mozilla/5.0 (Macintosh; Intel Mac OS X 10_15_7) AppleWebKit/537.36 (KHTML, like Gecko) Chrome/131.0.0.0 Safari/537.36']","info","production","main","MISS","lambda","/app/main.py","class-tracking.vercel.app","class-tracking.vercel.app","dpl_7xm2SsAztd5Zn6q8c6zyXeyJ3KFj",5009.21,"iad1",238,1024,"Database operation timed out
","prj_qZYFGDZBpFoAK4D3PH0dgsQ8qbn3","-"
"2024-11-22 05:37:54",1732253874819,"class-tracking.vercel.app/watch","POST",500,"cle1::iad1::htggn-1732253871727-74e14342e398","['Mozilla/5.0 (Macintosh; Intel Mac OS X 10_15_7) AppleWebKit/537.36 (KHTML, like Gecko) Chrome/131.0.0.0 Safari/537.36']","error","production","main","MISS","lambda","/app/main.py","class-tracking.vercel.app","class-tracking.vercel.app","dpl_7xm2SsAztd5Zn6q8c6zyXeyJ3KFj",3027.64,"iad1",238,1024,"Received watch request - Subject: CSCE, Course: 33, CRNs: None, Email: shengshengzhou700@gmail.com
Fetched sections: []
Error in add_watch: 404: No courses found with the provided information
","prj_qZYFGDZBpFoAK4D3PH0dgsQ8qbn3","-"
"2024-11-22 05:37:53",1732253873000,"class-tracking-50fqpoy93-joes-projects-b842dc8a.vercel.app/","GET",200,"cle1:cle1:sfo1:sfo1:sfo1::iad1::ngt8j-1732253867916-c79015d946a1","['Vercel Edge Functions']","info","production","main","MISS","lambda","/app/main.py","class-tracking-50fqpoy93-joes-projects-b842dc8a.vercel.app","class-tracking-50fqpoy93-joes-projects-b842dc8a.vercel.app","dpl_7xm2SsAztd5Zn6q8c6zyXeyJ3KFj",5006.78,"iad1",129,1024,"Database operation timed out
","prj_qZYFGDZBpFoAK4D3PH0dgsQ8qbn3","-"
"2024-11-22 05:37:51",1732253871746,"class-tracking.vercel.app/watch","POST",200,"cle1::cle1::htggn-1732253871727-74e14342e398","['Mozilla/5.0 (Macintosh; Intel Mac OS X 10_15_7) AppleWebKit/537.36 (KHTML, like Gecko) Chrome/131.0.0.0 Safari/537.36']","info","production","main","MISS","edge-middleware","/watch","class-tracking.vercel.app","class-tracking.vercel.app","dpl_7xm2SsAztd5Zn6q8c6zyXeyJ3KFj",-1,"cle1",-1,-1,"","prj_qZYFGDZBpFoAK4D3PH0dgsQ8qbn3","-"
"2024-11-22 05:37:45",1732253865710,"class-tracking.vercel.app/static/styles.css","GET",304,"cle1::iad1::tzzvt-1732253865677-54b1822d8c17","['Mozilla/5.0 (Macintosh; Intel Mac OS X 10_15_7) AppleWebKit/537.36 (KHTML, like Gecko) Chrome/131.0.0.0 Safari/537.36']","info","production","main","MISS","lambda","/app/main.py","class-tracking.vercel.app","class-tracking.vercel.app","dpl_7xm2SsAztd5Zn6q8c6zyXeyJ3KFj",5.37,"iad1",129,1024,"","prj_qZYFGDZBpFoAK4D3PH0dgsQ8qbn3","-"
"2024-11-22 05:37:45",1732253865616,"class-tracking.vercel.app/","GET",200,"cle1:cle1::iad1::hqpdq-1732253860521-150d36623684","['Mozilla/5.0 (Macintosh; Intel Mac OS X 10_15_7) AppleWebKit/537.36 (KHTML, like Gecko) Chrome/131.0.0.0 Safari/537.36']","info","production","main","MISS","lambda","/app/main.py","class-tracking.vercel.app","class-tracking.vercel.app","dpl_7xm2SsAztd5Zn6q8c6zyXeyJ3KFj",5009.11,"iad1",129,1024,"Database operation timed out
","prj_qZYFGDZBpFoAK4D3PH0dgsQ8qbn3","-"
"2024-11-22 05:37:44",1732253864434,"class-tracking-50fqpoy93-joes-projects-b842dc8a.vercel.app/favicon.png","GET",404,"sfo1::iad1::g4tm2-1732253864067-1054e6d8569c","['Mozilla/5.0 (Linux; Android 10; K) AppleWebKit/537.36 (KHTML, like Gecko) Chrome/127.0.0.0 Mobile Safari/537.36']","warning","production","main","MISS","lambda","/app/main.py","class-tracking-50fqpoy93-joes-projects-b842dc8a.vercel.app","class-tracking-50fqpoy93-joes-projects-b842dc8a.vercel.app","dpl_7xm2SsAztd5Zn6q8c6zyXeyJ3KFj",2.13,"iad1",126,1024,"","prj_qZYFGDZBpFoAK4D3PH0dgsQ8qbn3","-"
"2024-11-22 05:37:43",1732253863991,"class-tracking-50fqpoy93-joes-projects-b842dc8a.vercel.app/favicon.ico","GET",404,"sfo1::iad1::w8wb8-1732253863845-2615a9fd1d34","['Mozilla/5.0 (Linux; Android 10; K) AppleWebKit/537.36 (KHTML, like Gecko) Chrome/127.0.0.0 Mobile Safari/537.36']","warning","production","main","MISS","lambda","/app/main.py","class-tracking-50fqpoy93-joes-projects-b842dc8a.vercel.app","class-tracking-50fqpoy93-joes-projects-b842dc8a.vercel.app","dpl_7xm2SsAztd5Zn6q8c6zyXeyJ3KFj",5.92,"iad1",126,1024,"","prj_qZYFGDZBpFoAK4D3PH0dgsQ8qbn3","-"
"2024-11-22 05:37:43",1732253863611,"class-tracking-50fqpoy93-joes-projects-b842dc8a.vercel.app/","GET",200,"sfo1::iad1::47lhv-1732253858523-63931676c30b","['Mozilla/5.0 (Linux; Android 10; K) AppleWebKit/537.36 (KHTML, like Gecko) Chrome/127.0.0.0 Mobile Safari/537.36']","info","production","main","MISS","lambda","/app/main.py","class-tracking-50fqpoy93-joes-projects-b842dc8a.vercel.app","class-tracking-50fqpoy93-joes-projects-b842dc8a.vercel.app","dpl_7xm2SsAztd5Zn6q8c6zyXeyJ3KFj",5006.35,"iad1",126,1024,"Database operation timed out
","prj_qZYFGDZBpFoAK4D3PH0dgsQ8qbn3","-"
"2024-11-22 05:37:40",1732253860482,"class-tracking.vercel.app/","GET",200,"cle1::cle1::trlm9-1732253860402-85cb1d9f8f18","['Mozilla/5.0 (Macintosh; Intel Mac OS X 10_15_7) AppleWebKit/537.36 (KHTML, like Gecko) Chrome/131.0.0.0 Safari/537.36']","info","production","main","MISS","edge-middleware","/","class-tracking.vercel.app","class-tracking.vercel.app","dpl_7xm2SsAztd5Zn6q8c6zyXeyJ3KFj",-1,"cle1",-1,-1,"","prj_qZYFGDZBpFoAK4D3PH0dgsQ8qbn3","-"
"2024-11-22 05:37:35",1732253855791,"class-tracking-50fqpoy93-joes-projects-b842dc8a.vercel.app/","GET",200,"sfo1::iad1::zg8t5-1732253850698-cbf6c7dc46da","['vercel-screenshot/1.0']","info","production","main","MISS","lambda","/app/main.py","class-tracking-50fqpoy93-joes-projects-b842dc8a.vercel.app","class-tracking-50fqpoy93-joes-projects-b842dc8a.vercel.app","dpl_7xm2SsAztd5Zn6q8c6zyXeyJ3KFj",5005.3,"iad1",126,1024,"Database operation timed out
","prj_qZYFGDZBpFoAK4D3PH0dgsQ8qbn3","-"
"2024-11-22 05:37:35",1732253855019,"class-tracking-50fqpoy93-joes-projects-b842dc8a.vercel.app/favicon.ico","GET",404,"sfo1::iad1::bfwh8-1732253854937-ca880ad18fee","['vercel-screenshot/1.0']","warning","production","main","MISS","lambda","/app/main.py","class-tracking-50fqpoy93-joes-projects-b842dc8a.vercel.app","class-tracking-50fqpoy93-joes-projects-b842dc8a.vercel.app","dpl_7xm2SsAztd5Zn6q8c6zyXeyJ3KFj",2.24,"iad1",129,1024,"","prj_qZYFGDZBpFoAK4D3PH0dgsQ8qbn3","-"
"2024-11-22 05:37:34",1732253854916,"class-tracking-50fqpoy93-joes-projects-b842dc8a.vercel.app/static/styles.css","GET",200,"sfo1::iad1::bfwh8-1732253854767-917302232577","['vercel-screenshot/1.0']","info","production","main","MISS","lambda","/app/main.py","class-tracking-50fqpoy93-joes-projects-b842dc8a.vercel.app","class-tracking-50fqpoy93-joes-projects-b842dc8a.vercel.app","dpl_7xm2SsAztd5Zn6q8c6zyXeyJ3KFj",65.76,"iad1",129,1024,"","prj_qZYFGDZBpFoAK4D3PH0dgsQ8qbn3","-"
"2024-11-22 05:37:32",1732253852604,"class-tracking-50fqpoy93-joes-projects-b842dc8a.vercel.app/","GET",200,"sfo1::iad1::k7n4g-1732253847512-7833546d059a","['vercel-screenshot/1.0']","info","production","main","MISS","lambda","/app/main.py","class-tracking-50fqpoy93-joes-projects-b842dc8a.vercel.app","class-tracking-50fqpoy93-joes-projects-b842dc8a.vercel.app","dpl_7xm2SsAztd5Zn6q8c6zyXeyJ3KFj",5006.25,"iad1",126,1024,"Database operation timed out
","prj_qZYFGDZBpFoAK4D3PH0dgsQ8qbn3","-"
"2024-11-22 05:37:31",1732253851867,"class-tracking-50fqpoy93-joes-projects-b842dc8a.vercel.app/favicon.ico","GET",404,"sfo1::iad1::hklcl-1732253851786-578aef120f2b","['vercel-screenshot/1.0']","warning","production","main","MISS","lambda","/app/main.py","class-tracking-50fqpoy93-joes-projects-b842dc8a.vercel.app","class-tracking-50fqpoy93-joes-projects-b842dc8a.vercel.app","dpl_7xm2SsAztd5Zn6q8c6zyXeyJ3KFj",2.04,"iad1",129,1024,"","prj_qZYFGDZBpFoAK4D3PH0dgsQ8qbn3","-"
"2024-11-22 05:37:31",1732253851739,"class-tracking-50fqpoy93-joes-projects-b842dc8a.vercel.app/static/styles.css","GET",200,"sfo1::iad1::zvlb5-1732253851587-37808bf04516","['vercel-screenshot/1.0']","info","production","main","MISS","lambda","/app/main.py","class-tracking-50fqpoy93-joes-projects-b842dc8a.vercel.app","class-tracking-50fqpoy93-joes-projects-b842dc8a.vercel.app","dpl_7xm2SsAztd5Zn6q8c6zyXeyJ3KFj",63.92,"iad1",129,1024,"","prj_qZYFGDZBpFoAK4D3PH0dgsQ8qbn3","-"
"2024-11-22 05:37:29",1732253849738,"class-tracking-50fqpoy93-joes-projects-b842dc8a.vercel.app/","GET",200,"sfo1::iad1::skpnq-1732253841506-cfc4cf3dd865","['vercel-screenshot/1.0']","info","production","main","MISS","lambda","/app/main.py","class-tracking-50fqpoy93-joes-projects-b842dc8a.vercel.app","class-tracking-50fqpoy93-joes-projects-b842dc8a.vercel.app","dpl_7xm2SsAztd5Zn6q8c6zyXeyJ3KFj",5014.35,"iad1",126,1024,"Successfully connected to MongoDB Atlas
Successfully connected to MongoDB Atlas
All services initialized successfully
using Asynchronous Server Gateway Interface (ASGI)
Database operation timed out
","prj_qZYFGDZBpFoAK4D3PH0dgsQ8qbn3","-"
"2024-11-22 05:37:29",1732253849695,"class-tracking-50fqpoy93-joes-projects-b842dc8a.vercel.app/","GET",200,"sfo1::iad1::brvkn-1732253844599-7ca32ac7622f","['vercel-screenshot/1.0']","info","production","main","MISS","lambda","/app/main.py","class-tracking-50fqpoy93-joes-projects-b842dc8a.vercel.app","class-tracking-50fqpoy93-joes-projects-b842dc8a.vercel.app","dpl_7xm2SsAztd5Zn6q8c6zyXeyJ3KFj",5008.64,"iad1",126,1024,"Database operation timed out
","prj_qZYFGDZBpFoAK4D3PH0dgsQ8qbn3","-"
"2024-11-22 05:37:27",1732253847749,"class-tracking-50fqpoy93-joes-projects-b842dc8a.vercel.app/","GET",200,"sfo1::iad1::7ftm5-1732253839622-b232d82e2e18","['vercel-screenshot/1.0']","info","production","main","MISS","lambda","/app/main.py","class-tracking-50fqpoy93-joes-projects-b842dc8a.vercel.app","class-tracking-50fqpoy93-joes-projects-b842dc8a.vercel.app","dpl_7xm2SsAztd5Zn6q8c6zyXeyJ3KFj",5017.58,"iad1",126,1024,"Successfully connected to MongoDB Atlas
Successfully connected to MongoDB Atlas
All services initialized successfully
using Asynchronous Server Gateway Interface (ASGI)
Database operation timed out
","prj_qZYFGDZBpFoAK4D3PH0dgsQ8qbn3","-"
"2024-11-22 05:37:25",1732253845397,"class-tracking-50fqpoy93-joes-projects-b842dc8a.vercel.app/","GET",200,"sfo1::iad1::bfwh8-1732253837260-f4114e0b5c11","['vercel-screenshot/1.0']","info","production","main","MISS","lambda","/app/main.py","class-tracking-50fqpoy93-joes-projects-b842dc8a.vercel.app","class-tracking-50fqpoy93-joes-projects-b842dc8a.vercel.app","dpl_7xm2SsAztd5Zn6q8c6zyXeyJ3KFj",5020.51,"iad1",126,1024,"Successfully connected to MongoDB Atlas
Successfully connected to MongoDB Atlas
All services initialized successfully
using Asynchronous Server Gateway Interface (ASGI)
Database operation timed out
","prj_qZYFGDZBpFoAK4D3PH0dgsQ8qbn3","-"
"2024-11-22 05:37:24",1732253844835,"class-tracking-50fqpoy93-joes-projects-b842dc8a.vercel.app/","GET",200,"sfo1::iad1::kq58d-1732253836398-2eda9516a413","['vercel-screenshot/1.0']","info","production","main","MISS","lambda","/app/main.py","class-tracking-50fqpoy93-joes-projects-b842dc8a.vercel.app","class-tracking-50fqpoy93-joes-projects-b842dc8a.vercel.app","dpl_7xm2SsAztd5Zn6q8c6zyXeyJ3KFj",5019.63,"iad1",126,1024,"Successfully connected to MongoDB Atlas
Successfully connected to MongoDB Atlas
All services initialized successfully
using Asynchronous Server Gateway Interface (ASGI)
Database operation timed out
","prj_qZYFGDZBpFoAK4D3PH0dgsQ8qbn3","-"
"2024-11-22 05:37:24",1732253844786,"class-tracking-50fqpoy93-joes-projects-b842dc8a.vercel.app/","GET",200,"sfo1::iad1::9k8fn-1732253836569-7f960e6a6067","['vercel-screenshot/1.0']","info","production","main","MISS","lambda","/app/main.py","class-tracking-50fqpoy93-joes-projects-b842dc8a.vercel.app","class-tracking-50fqpoy93-joes-projects-b842dc8a.vercel.app","dpl_7xm2SsAztd5Zn6q8c6zyXeyJ3KFj",5018.36,"iad1",126,1024,"Successfully connected to MongoDB Atlas
Successfully connected to MongoDB Atlas
All services initialized successfully
using Asynchronous Server Gateway Interface (ASGI)
Database operation timed out
","prj_qZYFGDZBpFoAK4D3PH0dgsQ8qbn3","-"
"2024-11-22 05:37:24",1732253844724,"class-tracking-50fqpoy93-joes-projects-b842dc8a.vercel.app/","GET",200,"sfo1::iad1::9d5fq-1732253836350-8ec08288a99d","['vercel-screenshot/1.0']","info","production","main","MISS","lambda","/app/main.py","class-tracking-50fqpoy93-joes-projects-b842dc8a.vercel.app","class-tracking-50fqpoy93-joes-projects-b842dc8a.vercel.app","dpl_7xm2SsAztd5Zn6q8c6zyXeyJ3KFj",5018.74,"iad1",126,1024,"Successfully connected to MongoDB Atlas
Successfully connected to MongoDB Atlas
All services initialized successfully
using Asynchronous Server Gateway Interface (ASGI)
Database operation timed out
","prj_qZYFGDZBpFoAK4D3PH0dgsQ8qbn3","-"
"2024-11-22 05:37:24",1732253844613,"class-tracking-50fqpoy93-joes-projects-b842dc8a.vercel.app/","GET",200,"sfo1::iad1::g6gmz-1732253839512-4f961e28c7a0","['vercel-screenshot/1.0']","info","production","main","MISS","lambda","/app/main.py","class-tracking-50fqpoy93-joes-projects-b842dc8a.vercel.app","class-tracking-50fqpoy93-joes-projects-b842dc8a.vercel.app","dpl_7xm2SsAztd5Zn6q8c6zyXeyJ3KFj",5017.97,"iad1",126,1024,"Database operation timed out
","prj_qZYFGDZBpFoAK4D3PH0dgsQ8qbn3","-"
"2024-11-22 05:56:19",1732254979990,"class-tracking-ban6v20zu-joes-projects-b842dc8a.vercel.app/","GET",200,"cle1:cle1:sfo1:sfo1:sfo1::iad1::cp4kb-1732254974896-552d321d92a6","['Vercel Edge Functions']","info","production","main","MISS","lambda","/app/main.py","class-tracking-ban6v20zu-joes-projects-b842dc8a.vercel.app","class-tracking-ban6v20zu-joes-projects-b842dc8a.vercel.app","dpl_APyF6UgVWmoBtqdoMwrVD9jXNkqb",5008.25,"iad1",129,1024,"Database operation timed out
","prj_qZYFGDZBpFoAK4D3PH0dgsQ8qbn3","-"
"2024-11-22 05:56:14",1732254974339,"class-tracking.vercel.app/","HEAD",200,"cle1::cle1::xrjxr-1732254974330-fffac9173c27","['Mozilla/5.0 (Macintosh; Intel Mac OS X 10_15_7) AppleWebKit/537.36 (KHTML, like Gecko) Chrome/131.0.0.0 Safari/537.36']","info","production","main","MISS","edge-middleware","/","class-tracking.vercel.app","class-tracking.vercel.app","dpl_APyF6UgVWmoBtqdoMwrVD9jXNkqb",-1,"cle1",-1,-1,"","prj_qZYFGDZBpFoAK4D3PH0dgsQ8qbn3","-"
"2024-11-22 05:56:12",1732254972765,"class-tracking.vercel.app/static/styles.css","GET",304,"cle1::iad1::9hbw5-1732254972664-c8b99d5e2635","['Mozilla/5.0 (Macintosh; Intel Mac OS X 10_15_7) AppleWebKit/537.36 (KHTML, like Gecko) Chrome/131.0.0.0 Safari/537.36']","info","production","main","MISS","lambda","/app/main.py","class-tracking.vercel.app","class-tracking.vercel.app","dpl_APyF6UgVWmoBtqdoMwrVD9jXNkqb",59.66,"iad1",129,1024,"","prj_qZYFGDZBpFoAK4D3PH0dgsQ8qbn3","-"
"2024-11-22 05:56:12",1732254972583,"class-tracking.vercel.app/","GET",200,"cle1:cle1::iad1::bcckz-1732254967499-ef7eb3f6363c","['Mozilla/5.0 (Macintosh; Intel Mac OS X 10_15_7) AppleWebKit/537.36 (KHTML, like Gecko) Chrome/131.0.0.0 Safari/537.36']","info","production","main","MISS","lambda","/app/main.py","class-tracking.vercel.app","class-tracking.vercel.app","dpl_APyF6UgVWmoBtqdoMwrVD9jXNkqb",5010.16,"iad1",126,1024,"Database operation timed out
","prj_qZYFGDZBpFoAK4D3PH0dgsQ8qbn3","-"
"2024-11-22 05:56:04",1732254964879,"class-tracking-ban6v20zu-joes-projects-b842dc8a.vercel.app/","GET",200,"sfo1::iad1::2t9hx-1732254959784-ca4691691bcb","['vercel-screenshot/1.0']","info","production","main","MISS","lambda","/app/main.py","class-tracking-ban6v20zu-joes-projects-b842dc8a.vercel.app","class-tracking-ban6v20zu-joes-projects-b842dc8a.vercel.app","dpl_APyF6UgVWmoBtqdoMwrVD9jXNkqb",5008.99,"iad1",126,1024,"Database operation timed out
","prj_qZYFGDZBpFoAK4D3PH0dgsQ8qbn3","-"
"2024-11-22 05:56:04",1732254964638,"class-tracking-ban6v20zu-joes-projects-b842dc8a.vercel.app/","GET",200,"sfo1::iad1::t4znl-1732254959551-05d1bc651829","['vercel-screenshot/1.0']","info","production","main","MISS","lambda","/app/main.py","class-tracking-ban6v20zu-joes-projects-b842dc8a.vercel.app","class-tracking-ban6v20zu-joes-projects-b842dc8a.vercel.app","dpl_APyF6UgVWmoBtqdoMwrVD9jXNkqb",5008.85,"iad1",126,1024,"Database operation timed out
","prj_qZYFGDZBpFoAK4D3PH0dgsQ8qbn3","-"
"2024-11-22 05:56:04",1732254964108,"class-tracking-ban6v20zu-joes-projects-b842dc8a.vercel.app/favicon.ico","GET",404,"sfo1::iad1::pdc9k-1732254964025-26eb89441da8","['vercel-screenshot/1.0']","warning","production","main","MISS","lambda","/app/main.py","class-tracking-ban6v20zu-joes-projects-b842dc8a.vercel.app","class-tracking-ban6v20zu-joes-projects-b842dc8a.vercel.app","dpl_APyF6UgVWmoBtqdoMwrVD9jXNkqb",2.35,"iad1",129,1024,"","prj_qZYFGDZBpFoAK4D3PH0dgsQ8qbn3","-"
"2024-11-22 05:56:04",1732254964035,"class-tracking-ban6v20zu-joes-projects-b842dc8a.vercel.app/favicon.ico","GET",404,"sfo1::iad1::w94hw-1732254963945-8850c11d20a5","['vercel-screenshot/1.0']","warning","production","main","MISS","lambda","/app/main.py","class-tracking-ban6v20zu-joes-projects-b842dc8a.vercel.app","class-tracking-ban6v20zu-joes-projects-b842dc8a.vercel.app","dpl_APyF6UgVWmoBtqdoMwrVD9jXNkqb",2.65,"iad1",129,1024,"","prj_qZYFGDZBpFoAK4D3PH0dgsQ8qbn3","-"
"2024-11-22 05:56:03",1732254963946,"class-tracking-ban6v20zu-joes-projects-b842dc8a.vercel.app/static/styles.css","GET",200,"sfo1::iad1::cmb7f-1732254963860-952cf9253a74","['vercel-screenshot/1.0']","info","production","main","MISS","lambda","/app/main.py","class-tracking-ban6v20zu-joes-projects-b842dc8a.vercel.app","class-tracking-ban6v20zu-joes-projects-b842dc8a.vercel.app","dpl_APyF6UgVWmoBtqdoMwrVD9jXNkqb",3.87,"iad1",129,1024,"","prj_qZYFGDZBpFoAK4D3PH0dgsQ8qbn3","-"
"2024-11-22 05:56:03",1732254963772,"class-tracking-ban6v20zu-joes-projects-b842dc8a.vercel.app/static/styles.css","GET",200,"sfo1::iad1::z7hjk-1732254963626-128aa034b23b","['vercel-screenshot/1.0']","info","production","main","MISS","lambda","/app/main.py","class-tracking-ban6v20zu-joes-projects-b842dc8a.vercel.app","class-tracking-ban6v20zu-joes-projects-b842dc8a.vercel.app","dpl_APyF6UgVWmoBtqdoMwrVD9jXNkqb",59.53,"iad1",129,1024,"","prj_qZYFGDZBpFoAK4D3PH0dgsQ8qbn3","-"
"2024-11-22 05:56:03",1732254963342,"class-tracking-ban6v20zu-joes-projects-b842dc8a.vercel.app/","GET",200,"sfo1::iad1::2h78g-1732254958245-61965550d4bf","['Mozilla/5.0 (iPhone; CPU iPhone OS 17_6_1 like Mac OS X) AppleWebKit/605.1.15 (KHTML, like Gecko) Version/17.6 Mobile/15E148 Safari/604.1']","info","production","main","MISS","lambda","/app/main.py","class-tracking-ban6v20zu-joes-projects-b842dc8a.vercel.app","class-tracking-ban6v20zu-joes-projects-b842dc8a.vercel.app","dpl_APyF6UgVWmoBtqdoMwrVD9jXNkqb",5009.31,"iad1",126,1024,"Database operation timed out
","prj_qZYFGDZBpFoAK4D3PH0dgsQ8qbn3","-"
"2024-11-22 05:55:58",1732254958881,"class-tracking-ban6v20zu-joes-projects-b842dc8a.vercel.app/","GET",200,"sfo1::iad1::nhqf6-1732254953693-a9e9bd8d9841","['vercel-screenshot/1.0']","info","production","main","MISS","lambda","/app/main.py","class-tracking-ban6v20zu-joes-projects-b842dc8a.vercel.app","class-tracking-ban6v20zu-joes-projects-b842dc8a.vercel.app","dpl_APyF6UgVWmoBtqdoMwrVD9jXNkqb",5009.37,"iad1",126,1024,"Database operation timed out
","prj_qZYFGDZBpFoAK4D3PH0dgsQ8qbn3","-"
"2024-11-22 05:55:58",1732254958690,"class-tracking-ban6v20zu-joes-projects-b842dc8a.vercel.app/","GET",200,"sfo1::iad1::kbk7q-1732254953600-4b6d38976bca","['vercel-screenshot/1.0']","info","production","main","MISS","lambda","/app/main.py","class-tracking-ban6v20zu-joes-projects-b842dc8a.vercel.app","class-tracking-ban6v20zu-joes-projects-b842dc8a.vercel.app","dpl_APyF6UgVWmoBtqdoMwrVD9jXNkqb",5009.55,"iad1",126,1024,"Database operation timed out
","prj_qZYFGDZBpFoAK4D3PH0dgsQ8qbn3","-"
"2024-11-22 05:55:57",1732254957238,"class-tracking-ban6v20zu-joes-projects-b842dc8a.vercel.app/","GET",200,"sfo1::iad1::7lkxr-1732254952147-dad1d5bc6d64","['Mozilla/5.0 (iPhone; CPU iPhone OS 17_6_1 like Mac OS X) AppleWebKit/605.1.15 (KHTML, like Gecko) Version/17.6 Mobile/15E148 Safari/604.1']","info","production","main","MISS","lambda","/app/main.py","class-tracking-ban6v20zu-joes-projects-b842dc8a.vercel.app","class-tracking-ban6v20zu-joes-projects-b842dc8a.vercel.app","dpl_APyF6UgVWmoBtqdoMwrVD9jXNkqb",5009.02,"iad1",126,1024,"Database operation timed out
","prj_qZYFGDZBpFoAK4D3PH0dgsQ8qbn3","-"
"2024-11-22 05:55:56",1732254956932,"class-tracking-ban6v20zu-joes-projects-b842dc8a.vercel.app/","GET",200,"sfo1::iad1::cwnrn-1732254948803-bd802db9e819","['vercel-screenshot/1.0']","info","production","main","MISS","lambda","/app/main.py","class-tracking-ban6v20zu-joes-projects-b842dc8a.vercel.app","class-tracking-ban6v20zu-joes-projects-b842dc8a.vercel.app","dpl_APyF6UgVWmoBtqdoMwrVD9jXNkqb",5018.38,"iad1",126,1024,"Successfully connected to MongoDB Atlas
Successfully connected to MongoDB Atlas
All services initialized successfully
using Asynchronous Server Gateway Interface (ASGI)
Database operation timed out
","prj_qZYFGDZBpFoAK4D3PH0dgsQ8qbn3","-"
"2024-11-22 05:55:56",1732254956778,"class-tracking-ban6v20zu-joes-projects-b842dc8a.vercel.app/","GET",200,"sfo1::iad1::4d846-1732254948694-847606143b68","['vercel-screenshot/1.0']","info","production","main","MISS","lambda","/app/main.py","class-tracking-ban6v20zu-joes-projects-b842dc8a.vercel.app","class-tracking-ban6v20zu-joes-projects-b842dc8a.vercel.app","dpl_APyF6UgVWmoBtqdoMwrVD9jXNkqb",5018.65,"iad1",126,1024,"Successfully connected to MongoDB Atlas
Successfully connected to MongoDB Atlas
All services initialized successfully
using Asynchronous Server Gateway Interface (ASGI)
Database operation timed out
","prj_qZYFGDZBpFoAK4D3PH0dgsQ8qbn3","-"
"2024-11-22 05:55:53",1732254953706,"class-tracking-ban6v20zu-joes-projects-b842dc8a.vercel.app/","GET",200,"sfo1::iad1::cwnrn-1732254948617-530e993b6bef","['vercel-screenshot/1.0']","info","production","main","MISS","lambda","/app/main.py","class-tracking-ban6v20zu-joes-projects-b842dc8a.vercel.app","class-tracking-ban6v20zu-joes-projects-b842dc8a.vercel.app","dpl_APyF6UgVWmoBtqdoMwrVD9jXNkqb",5008.93,"iad1",126,1024,"Database operation timed out
","prj_qZYFGDZBpFoAK4D3PH0dgsQ8qbn3","-"
"2024-11-22 05:55:53",1732254953552,"class-tracking-ban6v20zu-joes-projects-b842dc8a.vercel.app/","GET",200,"sfo1::iad1::cp4kb-1732254948438-6e6863a4afba","['vercel-screenshot/1.0']","info","production","main","MISS","lambda","/app/main.py","class-tracking-ban6v20zu-joes-projects-b842dc8a.vercel.app","class-tracking-ban6v20zu-joes-projects-b842dc8a.vercel.app","dpl_APyF6UgVWmoBtqdoMwrVD9jXNkqb",5009.51,"iad1",126,1024,"Database operation timed out
","prj_qZYFGDZBpFoAK4D3PH0dgsQ8qbn3","-"
"2024-11-22 05:55:52",1732254952401,"class-tracking-ban6v20zu-joes-projects-b842dc8a.vercel.app/favicon.png","GET",404,"sfo1::iad1::crfvw-1732254952322-eec8e1d92e59","['Mozilla/5.0 (iPhone; CPU iPhone OS 17_6_1 like Mac OS X) AppleWebKit/605.1.15 (KHTML, like Gecko) Version/17.6 Mobile/15E148 Safari/604.1']","warning","production","main","MISS","lambda","/app/main.py","class-tracking-ban6v20zu-joes-projects-b842dc8a.vercel.app","class-tracking-ban6v20zu-joes-projects-b842dc8a.vercel.app","dpl_APyF6UgVWmoBtqdoMwrVD9jXNkqb",2.27,"iad1",128,1024,"","prj_qZYFGDZBpFoAK4D3PH0dgsQ8qbn3","-"
"2024-11-22 05:55:52",1732254952316,"class-tracking-ban6v20zu-joes-projects-b842dc8a.vercel.app/favicon.ico","GET",404,"sfo1::iad1::mzcwn-1732254952232-cc6bfa0f0bd1","['Mozilla/5.0 (iPhone; CPU iPhone OS 17_6_1 like Mac OS X) AppleWebKit/605.1.15 (KHTML, like Gecko) Version/17.6 Mobile/15E148 Safari/604.1']","warning","production","main","MISS","lambda","/app/main.py","class-tracking-ban6v20zu-joes-projects-b842dc8a.vercel.app","class-tracking-ban6v20zu-joes-projects-b842dc8a.vercel.app","dpl_APyF6UgVWmoBtqdoMwrVD9jXNkqb",2.35,"iad1",128,1024,"","prj_qZYFGDZBpFoAK4D3PH0dgsQ8qbn3","-"
"2024-11-22 05:55:52",1732254952208,"class-tracking-ban6v20zu-joes-projects-b842dc8a.vercel.app/","GET",200,"sfo1::iad1::z7cfd-1732254947107-80553333c8a5","['Mozilla/5.0 (iPhone; CPU iPhone OS 17_6_1 like Mac OS X) AppleWebKit/605.1.15 (KHTML, like Gecko) Version/17.6 Mobile/15E148 Safari/604.1']","info","production","main","MISS","lambda","/app/main.py","class-tracking-ban6v20zu-joes-projects-b842dc8a.vercel.app","class-tracking-ban6v20zu-joes-projects-b842dc8a.vercel.app","dpl_APyF6UgVWmoBtqdoMwrVD9jXNkqb",5009.38,"iad1",126,1024,"Database operation timed out
","prj_qZYFGDZBpFoAK4D3PH0dgsQ8qbn3","-"
"2024-11-22 05:55:52",1732254952165,"class-tracking-ban6v20zu-joes-projects-b842dc8a.vercel.app/static/styles.css","GET",200,"sfo1::iad1::rr7n4-1732254948740-a4749f1ce965","['vercel-screenshot/1.0']","info","production","main","MISS","lambda","/app/main.py","class-tracking-ban6v20zu-joes-projects-b842dc8a.vercel.app","class-tracking-ban6v20zu-joes-projects-b842dc8a.vercel.app","dpl_APyF6UgVWmoBtqdoMwrVD9jXNkqb",65.38,"iad1",128,1024,"Successfully connected to MongoDB Atlas
Successfully connected to MongoDB Atlas
All services initialized successfully
using Asynchronous Server Gateway Interface (ASGI)
","prj_qZYFGDZBpFoAK4D3PH0dgsQ8qbn3","-"
"2024-11-22 05:55:52",1732254952069,"class-tracking-ban6v20zu-joes-projects-b842dc8a.vercel.app/static/styles.css","GET",200,"sfo1::iad1::4qq9j-1732254948822-703b50f19b5a","['vercel-screenshot/1.0']","info","production","main","MISS","lambda","/app/main.py","class-tracking-ban6v20zu-joes-projects-b842dc8a.vercel.app","class-tracking-ban6v20zu-joes-projects-b842dc8a.vercel.app","dpl_APyF6UgVWmoBtqdoMwrVD9jXNkqb",60.71,"iad1",128,1024,"Successfully connected to MongoDB Atlas
Successfully connected to MongoDB Atlas
All services initialized successfully
using Asynchronous Server Gateway Interface (ASGI)
","prj_qZYFGDZBpFoAK4D3PH0dgsQ8qbn3","-"
"2024-11-22 05:55:52",1732254952050,"class-tracking-ban6v20zu-joes-projects-b842dc8a.vercel.app/","GET",200,"sfo1::iad1::7lkxr-1732254946954-92dda289185f","['Mozilla/5.0 (iPhone; CPU iPhone OS 17_6_1 like Mac OS X) AppleWebKit/605.1.15 (KHTML, like Gecko) Version/17.6 Mobile/15E148 Safari/604.1']","info","production","main","MISS","lambda","/app/main.py","class-tracking-ban6v20zu-joes-projects-b842dc8a.vercel.app","class-tracking-ban6v20zu-joes-projects-b842dc8a.vercel.app","dpl_APyF6UgVWmoBtqdoMwrVD9jXNkqb",5006.49,"iad1",126,1024,"Database operation timed out
","prj_qZYFGDZBpFoAK4D3PH0dgsQ8qbn3","-"
"2024-11-22 05:55:50",1732254950079,"class-tracking-ban6v20zu-joes-projects-b842dc8a.vercel.app/","GET",200,"sfo1::iad1::xskn5-1732254944987-7613424ed656","['vercel-screenshot/1.0']","info","production","main","MISS","lambda","/app/main.py","class-tracking-ban6v20zu-joes-projects-b842dc8a.vercel.app","class-tracking-ban6v20zu-joes-projects-b842dc8a.vercel.app","dpl_APyF6UgVWmoBtqdoMwrVD9jXNkqb",5010.1,"iad1",126,1024,"Database operation timed out
","prj_qZYFGDZBpFoAK4D3PH0dgsQ8qbn3","-"
"2024-11-22 05:55:49",1732254949841,"class-tracking-ban6v20zu-joes-projects-b842dc8a.vercel.app/","GET",200,"sfo1::iad1::dp2fn-1732254944751-9a46349cb4f9","['vercel-screenshot/1.0']","info","production","main","MISS","lambda","/app/main.py","class-tracking-ban6v20zu-joes-projects-b842dc8a.vercel.app","class-tracking-ban6v20zu-joes-projects-b842dc8a.vercel.app","dpl_APyF6UgVWmoBtqdoMwrVD9jXNkqb",5009.44,"iad1",126,1024,"Database operation timed out
","prj_qZYFGDZBpFoAK4D3PH0dgsQ8qbn3","-"
"2024-11-22 05:55:46",1732254946767,"class-tracking-ban6v20zu-joes-projects-b842dc8a.vercel.app/","GET",200,"sfo1::iad1::n2q9d-1732254938719-4f25d81087a1","['vercel-screenshot/1.0']","info","production","main","MISS","lambda","/app/main.py","class-tracking-ban6v20zu-joes-projects-b842dc8a.vercel.app","class-tracking-ban6v20zu-joes-projects-b842dc8a.vercel.app","dpl_APyF6UgVWmoBtqdoMwrVD9jXNkqb",5016.26,"iad1",126,1024,"Successfully connected to MongoDB Atlas
Successfully connected to MongoDB Atlas
All services initialized successfully
using Asynchronous Server Gateway Interface (ASGI)
Database operation timed out
","prj_qZYFGDZBpFoAK4D3PH0dgsQ8qbn3","-"
"2024-11-22 05:55:43",1732254943751,"class-tracking-ban6v20zu-joes-projects-b842dc8a.vercel.app/","GET",200,"sfo1::iad1::dgjdw-1732254938653-947edd7d8bf4","['vercel-screenshot/1.0']","info","production","main","MISS","lambda","/app/main.py","class-tracking-ban6v20zu-joes-projects-b842dc8a.vercel.app","class-tracking-ban6v20zu-joes-projects-b842dc8a.vercel.app","dpl_APyF6UgVWmoBtqdoMwrVD9jXNkqb",5017.76,"iad1",126,1024,"Database operation timed out
","prj_qZYFGDZBpFoAK4D3PH0dgsQ8qbn3","-"
"2024-11-22 05:55:41",1732254941913,"class-tracking-ban6v20zu-joes-projects-b842dc8a.vercel.app/","GET",200,"sfo1::iad1::zlwd9-1732254933719-1bf97427b51d","['vercel-screenshot/1.0']","info","production","main","MISS","lambda","/app/main.py","class-tracking-ban6v20zu-joes-projects-b842dc8a.vercel.app","class-tracking-ban6v20zu-joes-projects-b842dc8a.vercel.app","dpl_APyF6UgVWmoBtqdoMwrVD9jXNkqb",5020.3,"iad1",126,1024,"Successfully connected to MongoDB Atlas
Successfully connected to MongoDB Atlas
All services initialized successfully
using Asynchronous Server Gateway Interface (ASGI)
Database operation timed out
","prj_qZYFGDZBpFoAK4D3PH0dgsQ8qbn3","-"
"2024-11-22 05:55:41",1732254941823,"class-tracking-ban6v20zu-joes-projects-b842dc8a.vercel.app/","GET",200,"sfo1::iad1::mz2tm-1732254933510-7b5dae91a026","['vercel-screenshot/1.0']","info","production","main","MISS","lambda","/app/main.py","class-tracking-ban6v20zu-joes-projects-b842dc8a.vercel.app","class-tracking-ban6v20zu-joes-projects-b842dc8a.vercel.app","dpl_APyF6UgVWmoBtqdoMwrVD9jXNkqb",5018.57,"iad1",126,1024,"Successfully connected to MongoDB Atlas
Successfully connected to MongoDB Atlas
All services initialized successfully
using Asynchronous Server Gateway Interface (ASGI)
Database operation timed out
","prj_qZYFGDZBpFoAK4D3PH0dgsQ8qbn3","-"
"2024-11-22 05:55:41",1732254941719,"class-tracking-ban6v20zu-joes-projects-b842dc8a.vercel.app/","GET",200,"sfo1::iad1::stcrw-1732254933651-c1c6b3fd0e85","['vercel-screenshot/1.0']","info","production","main","MISS","lambda","/app/main.py","class-tracking-ban6v20zu-joes-projects-b842dc8a.vercel.app","class-tracking-ban6v20zu-joes-projects-b842dc8a.vercel.app","dpl_APyF6UgVWmoBtqdoMwrVD9jXNkqb",5018.36,"iad1",126,1024,"Successfully connected to MongoDB Atlas
Successfully connected to MongoDB Atlas
All services initialized successfully
using Asynchronous Server Gateway Interface (ASGI)
Database operation timed out
","prj_qZYFGDZBpFoAK4D3PH0dgsQ8qbn3","-"
"2024-11-22 05:55:41",1732254941352,"class-tracking-ban6v20zu-joes-projects-b842dc8a.vercel.app/","GET",200,"sfo1::iad1::lcb25-1732254933566-40dd0e097988","['vercel-screenshot/1.0']","info","production","main","MISS","lambda","/app/main.py","class-tracking-ban6v20zu-joes-projects-b842dc8a.vercel.app","class-tracking-ban6v20zu-joes-projects-b842dc8a.vercel.app","dpl_APyF6UgVWmoBtqdoMwrVD9jXNkqb",5016.99,"iad1",126,1024,"Successfully connected to MongoDB Atlas
Successfully connected to MongoDB Atlas
All services initialized successfully
using Asynchronous Server Gateway Interface (ASGI)
Database operation timed out
","prj_qZYFGDZBpFoAK4D3PH0dgsQ8qbn3","-"
"2024-11-22 06:05:13",1732255513420,"class-tracking.vercel.app/watch","POST",500,"cle1::iad1::kpzx8-1732255508329-0d4840222c84","['Mozilla/5.0 (Macintosh; Intel Mac OS X 10_15_7) AppleWebKit/537.36 (KHTML, like Gecko) Chrome/131.0.0.0 Safari/537.36']","error","production","main","MISS","lambda","/app/main.py","class-tracking.vercel.app","class-tracking.vercel.app","dpl_b9PM8pGghA6WbJYVi82ZNafeYHR8",5034.03,"iad1",126,1024,"EST
[ERROR]	2024-11-22T06:05:13.409Z	4507c764-0ba0-4e89-b22b-4f63c391dff2	Failed to add watch: SSL handshake failed: class-tracking-shard-00-01.r34j4.mongodb.net:27017: [SSL: TLSV1_ALERT_INTERNAL_ERROR] tlsv1 alert internal error (_ssl.c:1000) (configured timeouts: socketTimeoutMS: 5000.0ms, connectTimeoutMS: 5000.0ms),SSL handshake failed: class-tracking-shard-00-02.r34j4.mongodb.net:27017: [SSL: TLSV1_ALERT_INTERNAL_ERROR] tlsv1 alert internal error (_ssl.c:1000) (configured timeouts: socketTimeoutMS: 5000.0ms, connectTimeoutMS: 5000.0ms),SSL handshake failed: class-tracking-shard-00-00.r34j4.mongodb.net:27017: [SSL: TLSV1_ALERT_INTERNAL_ERROR] tlsv1 alert internal error (_ssl.c:1000) (configured timeouts: socketTimeoutMS: 5000.0ms, connectTimeoutMS: 5000.0ms), Timeout: 5.0s, Topology Description: <TopologyDescription id: 67401ed22ac3ea317a64a55b, topology_type: ReplicaSetNoPrimary, servers: [<ServerDescription ('class-tracking-shard-00-00.r34j4.mongodb.net', 27017) server_type: Unknown, rtt: None, error=AutoReconnect('SSL handshake failed: class-tracking-shard-00-00.r34j4.mongodb.net:27017: [SSL: TLSV1_ALERT_INTERNAL_ERROR] tlsv1 alert internal error (_ssl.c:1000) (configured timeouts: socketTimeoutMS: 5000.0ms, connectTimeoutMS: 5000.0ms)')>, <ServerDescription ('class-tracking-shard-00-01.r34j4.mongodb.net', 27017) server_type: Unknown, rtt: None, error=AutoReconnect('SSL handshake failed: class-tracking-shard-00-01.r34j4.mongodb.net:27017: [SSL: TLSV1_ALERT_INTERNAL_ERROR] tlsv1 alert internal error (_ssl.c:1000) (configured timeouts: socketTimeoutMS: 5000.0ms, connectTimeoutMS: 5000.0ms)')>, <ServerDescription ('class-tracking-shard-00-02.r34j4.mongodb.net', 27017) server_type: Unknown, rtt: None, error=AutoReconnect('SSL handshake failed: class-tracking-shard-00-02.r34j4.mongodb.net:27017: [SSL: TLSV1_ALERT_INTERNAL_ERROR] tlsv1 alert internal error (_ssl.c:1000) (configured timeouts: socketTimeoutMS: 5000.0ms, connectTimeoutMS: 5000.0ms)')>]>
Error in add_watch: SSL handshake failed: class-tracking-shard-00-01.r34j4.mongodb.net:27017: [SSL: TLSV1_ALERT_INTERNAL_ERROR] tlsv1 alert internal error (_ssl.c:1000) (configured timeouts: socketTimeoutMS: 5000.0ms, connectTimeoutMS: 5000.0ms),SSL handshake failed: class-tracking-shard-00-02.r34j4.mongodb.net:27017: [SSL: TLSV1_ALERT_INTERNAL_ERROR] tlsv1 alert internal error (_ssl.c:1000) (configured timeouts: socketTimeoutMS: 5000.0ms, connectTimeoutMS: 5000.0ms),SSL handshake failed: class-tracking-shard-00-00.r34j4.mongodb.net:27017: [SSL: TLSV1_ALERT_INTERNAL_ERROR] tlsv1 alert internal error (_ssl.c:1000) (configured timeouts: socketTimeoutMS: 5000.0ms, connectTimeoutMS: 5000.0ms), Timeout: 5.0s, Topology Description: <TopologyDescription id: 67401ed22ac3ea317a64a55b, topology_type: ReplicaSetNoPrimary, servers: [<ServerDescription ('class-tracking-shard-00-00.r34j4.mongodb.net', 27017) server_type: Unknown, rtt: None, error=AutoReconnect('SSL handshake failed: class-tracking-shard-00-00.r34j4.mongodb.net:27017: [SSL: TLSV1_ALERT_INTERNAL_ERROR] tlsv1 alert internal error (_ssl.c:1000) (configured timeouts: socketTimeoutMS: 5000.0ms, connectTimeoutMS: 5000.0ms)')>, <ServerDescription ('class-tracking-shard-00-01.r34j4.mongodb.net', 27017) server_type: Unknown, rtt: None, error=AutoReconnect('SSL handshake failed: class-tracking-shard-00-01.r34j4.mongodb.net:27017: [SSL: TLSV1_ALERT_INTERNAL_ERROR] tlsv1 alert internal error (_ssl.c:1000) (configured timeouts: socketTimeoutMS: 5000.0ms, connectTimeoutMS: 5000.0ms)')>, <ServerDescription ('class-tracking-shard-00-02.r34j4.mongodb.net', 27017) server_type: Unknown, rtt: None, error=AutoReconnect('SSL handshake failed: class-tracking-shard-00-02.r34j4.mongodb.net:27017: [SSL: TLSV1_ALERT_INTERNAL_ERROR] tlsv1 alert internal error (_ssl.c:1000) (configured timeouts: socketTimeoutMS: 5000.0ms, connectTimeoutMS: 5000.0ms)')>]>
","prj_qZYFGDZBpFoAK4D3PH0dgsQ8qbn3","-"
"2024-11-22 06:05:11",1732255511022,"class-tracking-lwroj74oz-joes-projects-b842dc8a.vercel.app/","GET",200,"cle1:cle1:sfo1:sfo1:sfo1::iad1::2t9hx-1732255505925-5d32a900e01b","['Vercel Edge Functions']","info","production","main","MISS","lambda","/app/main.py","class-tracking-lwroj74oz-joes-projects-b842dc8a.vercel.app","class-tracking-lwroj74oz-joes-projects-b842dc8a.vercel.app","dpl_b9PM8pGghA6WbJYVi82ZNafeYHR8",5008.9,"iad1",129,1024,"Database operation timed out
","prj_qZYFGDZBpFoAK4D3PH0dgsQ8qbn3","-"
"2024-11-22 06:05:05",1732255505613,"class-tracking.vercel.app/","HEAD",200,"cle1::cle1::qfnt4-1732255505603-f122041c065d","['Mozilla/5.0 (Macintosh; Intel Mac OS X 10_15_7) AppleWebKit/537.36 (KHTML, like Gecko) Chrome/131.0.0.0 Safari/537.36']","info","production","main","MISS","edge-middleware","/","class-tracking.vercel.app","class-tracking.vercel.app","dpl_b9PM8pGghA6WbJYVi82ZNafeYHR8",-1,"cle1",-1,-1,"","prj_qZYFGDZBpFoAK4D3PH0dgsQ8qbn3","-"
"2024-11-22 06:05:04",1732255504257,"class-tracking.vercel.app/","GET",200,"cle1:cle1::iad1::b8tp7-1732255499208-522abcf53abc","['Mozilla/5.0 (Macintosh; Intel Mac OS X 10_15_7) AppleWebKit/537.36 (KHTML, like Gecko) Chrome/131.0.0.0 Safari/537.36']","info","production","main","MISS","lambda","/app/main.py","class-tracking.vercel.app","class-tracking.vercel.app","dpl_b9PM8pGghA6WbJYVi82ZNafeYHR8",5008.52,"iad1",129,1024,"Database operation timed out
","prj_qZYFGDZBpFoAK4D3PH0dgsQ8qbn3","-"
"2024-11-22 06:04:01",1732255441845,"class-tracking-ban6v20zu-joes-projects-b842dc8a.vercel.app/","GET",200,"cle1:cle1:sfo1:sfo1:sfo1::iad1::szfq4-1732255436739-c01f9b4c33d4","['Vercel Edge Functions']","info","production","main","MISS","lambda","/app/main.py","class-tracking-ban6v20zu-joes-projects-b842dc8a.vercel.app","class-tracking-ban6v20zu-joes-projects-b842dc8a.vercel.app","dpl_APyF6UgVWmoBtqdoMwrVD9jXNkqb",5007.65,"iad1",129,1024,"Database operation timed out
","prj_qZYFGDZBpFoAK4D3PH0dgsQ8qbn3","-"
"2024-11-22 06:03:56",1732255436249,"class-tracking.vercel.app/","HEAD",200,"cle1::cle1::zkv7r-1732255436240-5081028e2b46","['Mozilla/5.0 (Macintosh; Intel Mac OS X 10_15_7) AppleWebKit/537.36 (KHTML, like Gecko) Chrome/131.0.0.0 Safari/537.36']","info","production","main","MISS","edge-middleware","/","class-tracking.vercel.app","class-tracking.vercel.app","dpl_APyF6UgVWmoBtqdoMwrVD9jXNkqb",-1,"cle1",-1,-1,"","prj_qZYFGDZBpFoAK4D3PH0dgsQ8qbn3","-"
"2024-11-22 06:03:54",1732255434756,"class-tracking.vercel.app/static/styles.css","GET",304,"cle1::iad1::9c4gn-1732255434674-32a9291fa9ae","['Mozilla/5.0 (Macintosh; Intel Mac OS X 10_15_7) AppleWebKit/537.36 (KHTML, like Gecko) Chrome/131.0.0.0 Safari/537.36']","info","production","main","MISS","lambda","/app/main.py","class-tracking.vercel.app","class-tracking.vercel.app","dpl_APyF6UgVWmoBtqdoMwrVD9jXNkqb",49.55,"iad1",129,1024,"","prj_qZYFGDZBpFoAK4D3PH0dgsQ8qbn3","-"
"2024-11-22 06:03:54",1732255434553,"class-tracking.vercel.app/","GET",200,"cle1:cle1::iad1::4hspb-1732255429478-915e525551f2","['Mozilla/5.0 (Macintosh; Intel Mac OS X 10_15_7) AppleWebKit/537.36 (KHTML, like Gecko) Chrome/131.0.0.0 Safari/537.36']","info","production","main","MISS","lambda","/app/main.py","class-tracking.vercel.app","class-tracking.vercel.app","dpl_APyF6UgVWmoBtqdoMwrVD9jXNkqb",5008.11,"iad1",126,1024,"Database operation timed out
","prj_qZYFGDZBpFoAK4D3PH0dgsQ8qbn3","-"
"2024-11-22 06:04:48",1732255488273,"class-tracking.vercel.app/watch","POST",500,"cle1::iad1::l4vv6-1732255483177-cde61efe0959","['Mozilla/5.0 (Macintosh; Intel Mac OS X 10_15_7) AppleWebKit/537.36 (KHTML, like Gecko) Chrome/131.0.0.0 Safari/537.36']","error","production","main","MISS","lambda","/app/main.py","class-tracking.vercel.app","class-tracking.vercel.app","dpl_b9PM8pGghA6WbJYVi82ZNafeYHR8",5045.09,"iad1",129,1024,"EST
[ERROR]	2024-11-22T06:04:48.261Z	22bd1fd5-c702-44d5-929e-ffd3f4673946	Failed to add watch: SSL handshake failed: class-tracking-shard-00-00.r34j4.mongodb.net:27017: [SSL: TLSV1_ALERT_INTERNAL_ERROR] tlsv1 alert internal error (_ssl.c:1000) (configured timeouts: socketTimeoutMS: 5000.0ms, connectTimeoutMS: 5000.0ms),SSL handshake failed: class-tracking-shard-00-02.r34j4.mongodb.net:27017: [SSL: TLSV1_ALERT_INTERNAL_ERROR] tlsv1 alert internal error (_ssl.c:1000) (configured timeouts: socketTimeoutMS: 5000.0ms, connectTimeoutMS: 5000.0ms),SSL handshake failed: class-tracking-shard-00-01.r34j4.mongodb.net:27017: [SSL: TLSV1_ALERT_INTERNAL_ERROR] tlsv1 alert internal error (_ssl.c:1000) (configured timeouts: socketTimeoutMS: 5000.0ms, connectTimeoutMS: 5000.0ms), Timeout: 5.0s, Topology Description: <TopologyDescription id: 67401ed01c2c60f018632c45, topology_type: ReplicaSetNoPrimary, servers: [<ServerDescription ('class-tracking-shard-00-00.r34j4.mongodb.net', 27017) server_type: Unknown, rtt: None, error=AutoReconnect('SSL handshake failed: class-tracking-shard-00-00.r34j4.mongodb.net:27017: [SSL: TLSV1_ALERT_INTERNAL_ERROR] tlsv1 alert internal error (_ssl.c:1000) (configured timeouts: socketTimeoutMS: 5000.0ms, connectTimeoutMS: 5000.0ms)')>, <ServerDescription ('class-tracking-shard-00-01.r34j4.mongodb.net', 27017) server_type: Unknown, rtt: None, error=AutoReconnect('SSL handshake failed: class-tracking-shard-00-01.r34j4.mongodb.net:27017: [SSL: TLSV1_ALERT_INTERNAL_ERROR] tlsv1 alert internal error (_ssl.c:1000) (configured timeouts: socketTimeoutMS: 5000.0ms, connectTimeoutMS: 5000.0ms)')>, <ServerDescription ('class-tracking-shard-00-02.r34j4.mongodb.net', 27017) server_type: Unknown, rtt: None, error=AutoReconnect('SSL handshake failed: class-tracking-shard-00-02.r34j4.mongodb.net:27017: [SSL: TLSV1_ALERT_INTERNAL_ERROR] tlsv1 alert internal error (_ssl.c:1000) (configured timeouts: socketTimeoutMS: 5000.0ms, connectTimeoutMS: 5000.0ms)')>]>
Error in add_watch: SSL handshake failed: class-tracking-shard-00-00.r34j4.mongodb.net:27017: [SSL: TLSV1_ALERT_INTERNAL_ERROR] tlsv1 alert internal error (_ssl.c:1000) (configured timeouts: socketTimeoutMS: 5000.0ms, connectTimeoutMS: 5000.0ms),SSL handshake failed: class-tracking-shard-00-02.r34j4.mongodb.net:27017: [SSL: TLSV1_ALERT_INTERNAL_ERROR] tlsv1 alert internal error (_ssl.c:1000) (configured timeouts: socketTimeoutMS: 5000.0ms, connectTimeoutMS: 5000.0ms),SSL handshake failed: class-tracking-shard-00-01.r34j4.mongodb.net:27017: [SSL: TLSV1_ALERT_INTERNAL_ERROR] tlsv1 alert internal error (_ssl.c:1000) (configured timeouts: socketTimeoutMS: 5000.0ms, connectTimeoutMS: 5000.0ms), Timeout: 5.0s, Topology Description: <TopologyDescription id: 67401ed01c2c60f018632c45, topology_type: ReplicaSetNoPrimary, servers: [<ServerDescription ('class-tracking-shard-00-00.r34j4.mongodb.net', 27017) server_type: Unknown, rtt: None, error=AutoReconnect('SSL handshake failed: class-tracking-shard-00-00.r34j4.mongodb.net:27017: [SSL: TLSV1_ALERT_INTERNAL_ERROR] tlsv1 alert internal error (_ssl.c:1000) (configured timeouts: socketTimeoutMS: 5000.0ms, connectTimeoutMS: 5000.0ms)')>, <ServerDescription ('class-tracking-shard-00-01.r34j4.mongodb.net', 27017) server_type: Unknown, rtt: None, error=AutoReconnect('SSL handshake failed: class-tracking-shard-00-01.r34j4.mongodb.net:27017: [SSL: TLSV1_ALERT_INTERNAL_ERROR] tlsv1 alert internal error (_ssl.c:1000) (configured timeouts: socketTimeoutMS: 5000.0ms, connectTimeoutMS: 5000.0ms)')>, <ServerDescription ('class-tracking-shard-00-02.r34j4.mongodb.net', 27017) server_type: Unknown, rtt: None, error=AutoReconnect('SSL handshake failed: class-tracking-shard-00-02.r34j4.mongodb.net:27017: [SSL: TLSV1_ALERT_INTERNAL_ERROR] tlsv1 alert internal error (_ssl.c:1000) (configured timeouts: socketTimeoutMS: 5000.0ms, connectTimeoutMS: 5000.0ms)')>]>
","prj_qZYFGDZBpFoAK4D3PH0dgsQ8qbn3","-"
"2024-11-22 06:04:43",1732255483181,"class-tracking.vercel.app/watch","POST",200,"cle1::cle1::l4vv6-1732255483177-cde61efe0959","['Mozilla/5.0 (Macintosh; Intel Mac OS X 10_15_7) AppleWebKit/537.36 (KHTML, like Gecko) Chrome/131.0.0.0 Safari/537.36']","info","production","main","MISS","edge-middleware","/watch","class-tracking.vercel.app","class-tracking.vercel.app","dpl_b9PM8pGghA6WbJYVi82ZNafeYHR8",-1,"cle1",-1,-1,"","prj_qZYFGDZBpFoAK4D3PH0dgsQ8qbn3","-"
"2024-11-22 06:04:40",1732255480944,"class-tracking-lwroj74oz-joes-projects-b842dc8a.vercel.app/","GET",200,"cle1:cle1:sfo1:sfo1:sfo1::iad1::p7xzp-1732255475843-aa20da86fa85","['Vercel Edge Functions']","info","production","main","MISS","lambda","/app/main.py","class-tracking-lwroj74oz-joes-projects-b842dc8a.vercel.app","class-tracking-lwroj74oz-joes-projects-b842dc8a.vercel.app","dpl_b9PM8pGghA6WbJYVi82ZNafeYHR8",5008.09,"iad1",129,1024,"Database operation timed out
","prj_qZYFGDZBpFoAK4D3PH0dgsQ8qbn3","-"
"2024-11-22 06:04:33",1732255473880,"class-tracking.vercel.app/static/styles.css","GET",304,"cle1::iad1::4vtt6-1732255473786-c99494b2876e","['Mozilla/5.0 (Macintosh; Intel Mac OS X 10_15_7) AppleWebKit/537.36 (KHTML, like Gecko) Chrome/131.0.0.0 Safari/537.36']","info","production","main","MISS","lambda","/app/main.py","class-tracking.vercel.app","class-tracking.vercel.app","dpl_b9PM8pGghA6WbJYVi82ZNafeYHR8",54.14,"iad1",129,1024,"","prj_qZYFGDZBpFoAK4D3PH0dgsQ8qbn3","-"
"2024-11-22 06:04:33",1732255473601,"class-tracking.vercel.app/","GET",200,"cle1:cle1::iad1::72bp2-1732255468559-0ccd51e7c50c","['Mozilla/5.0 (Macintosh; Intel Mac OS X 10_15_7) AppleWebKit/537.36 (KHTML, like Gecko) Chrome/131.0.0.0 Safari/537.36']","info","production","main","MISS","lambda","/app/main.py","class-tracking.vercel.app","class-tracking.vercel.app","dpl_b9PM8pGghA6WbJYVi82ZNafeYHR8",5009.52,"iad1",126,1024,"Database operation timed out
","prj_qZYFGDZBpFoAK4D3PH0dgsQ8qbn3","-"
"2024-11-22 06:04:28",1732255468535,"class-tracking.vercel.app/","GET",200,"cle1::cle1::4vtt6-1732255468524-c8fd148f4417","['Mozilla/5.0 (Macintosh; Intel Mac OS X 10_15_7) AppleWebKit/537.36 (KHTML, like Gecko) Chrome/131.0.0.0 Safari/537.36']","info","production","main","MISS","edge-middleware","/","class-tracking.vercel.app","class-tracking.vercel.app","dpl_b9PM8pGghA6WbJYVi82ZNafeYHR8",-1,"cle1",-1,-1,"","prj_qZYFGDZBpFoAK4D3PH0dgsQ8qbn3","-"
"2024-11-22 06:04:24",1732255464855,"class-tracking.vercel.app/","GET",200,"cle1:cle1::iad1::rn6m9-1732255459770-f5a02c220c45","['Mozilla/5.0 (Macintosh; Intel Mac OS X 10_15_7) AppleWebKit/537.36 (KHTML, like Gecko) Chrome/131.0.0.0 Safari/537.36']","info","production","main","MISS","lambda","/app/main.py","class-tracking.vercel.app","class-tracking.vercel.app","dpl_b9PM8pGghA6WbJYVi82ZNafeYHR8",5009.02,"iad1",126,1024,"Database operation timed out
","prj_qZYFGDZBpFoAK4D3PH0dgsQ8qbn3","-"
"2024-11-22 06:04:21",1732255461457,"class-tracking-lwroj74oz-joes-projects-b842dc8a.vercel.app/favicon.png","GET",404,"sfo1::iad1::zlwd9-1732255461379-eb007108291a","['Mozilla/5.0 (X11; Linux x86_64; rv:130.0) Gecko/20100101 Firefox/130.0']","warning","production","main","MISS","lambda","/app/main.py","class-tracking-lwroj74oz-joes-projects-b842dc8a.vercel.app","class-tracking-lwroj74oz-joes-projects-b842dc8a.vercel.app","dpl_b9PM8pGghA6WbJYVi82ZNafeYHR8",2.47,"iad1",126,1024,"","prj_qZYFGDZBpFoAK4D3PH0dgsQ8qbn3","-"
"2024-11-22 06:04:21",1732255461370,"class-tracking-lwroj74oz-joes-projects-b842dc8a.vercel.app/favicon.ico","GET",404,"sfo1::iad1::xd565-1732255461288-3051ea981617","['Mozilla/5.0 (X11; Linux x86_64; rv:130.0) Gecko/20100101 Firefox/130.0']","warning","production","main","MISS","lambda","/app/main.py","class-tracking-lwroj74oz-joes-projects-b842dc8a.vercel.app","class-tracking-lwroj74oz-joes-projects-b842dc8a.vercel.app","dpl_b9PM8pGghA6WbJYVi82ZNafeYHR8",2.96,"iad1",126,1024,"","prj_qZYFGDZBpFoAK4D3PH0dgsQ8qbn3","-"
"2024-11-22 06:04:21",1732255461120,"class-tracking-lwroj74oz-joes-projects-b842dc8a.vercel.app/","GET",200,"sfo1::iad1::xd565-1732255456032-293f0970b4ed","['Mozilla/5.0 (X11; Linux x86_64; rv:130.0) Gecko/20100101 Firefox/130.0']","info","production","main","MISS","lambda","/app/main.py","class-tracking-lwroj74oz-joes-projects-b842dc8a.vercel.app","class-tracking-lwroj74oz-joes-projects-b842dc8a.vercel.app","dpl_b9PM8pGghA6WbJYVi82ZNafeYHR8",5008.79,"iad1",126,1024,"Database operation timed out
","prj_qZYFGDZBpFoAK4D3PH0dgsQ8qbn3","-"
"2024-11-22 06:04:19",1732255459744,"class-tracking.vercel.app/","GET",200,"cle1::cle1::xxr6f-1732255459680-f5b441f8cdf3","['Mozilla/5.0 (Macintosh; Intel Mac OS X 10_15_7) AppleWebKit/537.36 (KHTML, like Gecko) Chrome/131.0.0.0 Safari/537.36']","info","production","main","MISS","edge-middleware","/","class-tracking.vercel.app","class-tracking.vercel.app","dpl_b9PM8pGghA6WbJYVi82ZNafeYHR8",-1,"cle1",-1,-1,"","prj_qZYFGDZBpFoAK4D3PH0dgsQ8qbn3","-"
"2024-11-22 06:04:15",1732255455373,"class-tracking-lwroj74oz-joes-projects-b842dc8a.vercel.app/","GET",200,"sfo1::iad1::g6gmz-1732255450280-61f6e73f39a4","['vercel-screenshot/1.0']","info","production","main","MISS","lambda","/app/main.py","class-tracking-lwroj74oz-joes-projects-b842dc8a.vercel.app","class-tracking-lwroj74oz-joes-projects-b842dc8a.vercel.app","dpl_b9PM8pGghA6WbJYVi82ZNafeYHR8",5009.43,"iad1",126,1024,"Database operation timed out
","prj_qZYFGDZBpFoAK4D3PH0dgsQ8qbn3","-"
"2024-11-22 06:04:15",1732255455294,"class-tracking-lwroj74oz-joes-projects-b842dc8a.vercel.app/","GET",200,"sfo1::iad1::fgkzj-1732255450205-9daa53a1c736","['vercel-screenshot/1.0']","info","production","main","MISS","lambda","/app/main.py","class-tracking-lwroj74oz-joes-projects-b842dc8a.vercel.app","class-tracking-lwroj74oz-joes-projects-b842dc8a.vercel.app","dpl_b9PM8pGghA6WbJYVi82ZNafeYHR8",5009.28,"iad1",126,1024,"Database operation timed out
","prj_qZYFGDZBpFoAK4D3PH0dgsQ8qbn3","-"
"2024-11-22 06:04:14",1732255454664,"class-tracking-lwroj74oz-joes-projects-b842dc8a.vercel.app/favicon.ico","GET",404,"sfo1::iad1::hmwq6-1732255454576-f0c106e66aa9","['vercel-screenshot/1.0']","warning","production","main","MISS","lambda","/app/main.py","class-tracking-lwroj74oz-joes-projects-b842dc8a.vercel.app","class-tracking-lwroj74oz-joes-projects-b842dc8a.vercel.app","dpl_b9PM8pGghA6WbJYVi82ZNafeYHR8",2.22,"iad1",129,1024,"","prj_qZYFGDZBpFoAK4D3PH0dgsQ8qbn3","-"
"2024-11-22 06:04:14",1732255454539,"class-tracking-lwroj74oz-joes-projects-b842dc8a.vercel.app/favicon.ico","GET",404,"sfo1::iad1::rx6rc-1732255454461-83604f2d0152","['vercel-screenshot/1.0']","warning","production","main","MISS","lambda","/app/main.py","class-tracking-lwroj74oz-joes-projects-b842dc8a.vercel.app","class-tracking-lwroj74oz-joes-projects-b842dc8a.vercel.app","dpl_b9PM8pGghA6WbJYVi82ZNafeYHR8",2.28,"iad1",129,1024,"","prj_qZYFGDZBpFoAK4D3PH0dgsQ8qbn3","-"
"2024-11-22 06:04:14",1732255454509,"class-tracking-lwroj74oz-joes-projects-b842dc8a.vercel.app/static/styles.css","GET",200,"sfo1::iad1::2nljp-1732255454351-ebc1dc065d6a","['vercel-screenshot/1.0']","info","production","main","MISS","lambda","/app/main.py","class-tracking-lwroj74oz-joes-projects-b842dc8a.vercel.app","class-tracking-lwroj74oz-joes-projects-b842dc8a.vercel.app","dpl_b9PM8pGghA6WbJYVi82ZNafeYHR8",74.02,"iad1",129,1024,"","prj_qZYFGDZBpFoAK4D3PH0dgsQ8qbn3","-"
"2024-11-22 06:04:14",1732255454429,"class-tracking-lwroj74oz-joes-projects-b842dc8a.vercel.app/static/styles.css","GET",200,"sfo1::iad1::rx6rc-1732255454283-a83c2930c3a3","['vercel-screenshot/1.0']","info","production","main","MISS","lambda","/app/main.py","class-tracking-lwroj74oz-joes-projects-b842dc8a.vercel.app","class-tracking-lwroj74oz-joes-projects-b842dc8a.vercel.app","dpl_b9PM8pGghA6WbJYVi82ZNafeYHR8",66.13,"iad1",129,1024,"","prj_qZYFGDZBpFoAK4D3PH0dgsQ8qbn3","-"
"2024-11-22 06:04:12",1732255452392,"class-tracking-lwroj74oz-joes-projects-b842dc8a.vercel.app/","GET",200,"sfo1::iad1::9pmb6-1732255444207-3cc9d531381e","['vercel-screenshot/1.0']","info","production","main","MISS","lambda","/app/main.py","class-tracking-lwroj74oz-joes-projects-b842dc8a.vercel.app","class-tracking-lwroj74oz-joes-projects-b842dc8a.vercel.app","dpl_b9PM8pGghA6WbJYVi82ZNafeYHR8",5018.56,"iad1",126,1024,"Successfully connected to MongoDB Atlas
Successfully connected to MongoDB Atlas
All services initialized successfully
using Asynchronous Server Gateway Interface (ASGI)
Database operation timed out
","prj_qZYFGDZBpFoAK4D3PH0dgsQ8qbn3","-"
"2024-11-22 06:04:11",1732255451342,"class-tracking.vercel.app/watch","POST",504,"cle1::iad1::rn6m9-1732255441264-09e20bfbed2b","['Mozilla/5.0 (Macintosh; Intel Mac OS X 10_15_7) AppleWebKit/537.36 (KHTML, like Gecko) Chrome/131.0.0.0 Safari/537.36']","error","production","main","MISS","lambda","/app/main.py","class-tracking.vercel.app","class-tracking.vercel.app","dpl_APyF6UgVWmoBtqdoMwrVD9jXNkqb",10000,"iad1",254,1024,"Received watch request - Subject: None, Course: None, CRNs: 42396, Email: shengshengzhou700@gmail.com
","prj_qZYFGDZBpFoAK4D3PH0dgsQ8qbn3","-"
"2024-11-22 06:04:09",1732255449303,"class-tracking-lwroj74oz-joes-projects-b842dc8a.vercel.app/","GET",200,"sfo1::iad1::gpz66-1732255444199-10e616b051bd","['vercel-screenshot/1.0']","info","production","main","MISS","lambda","/app/main.py","class-tracking-lwroj74oz-joes-projects-b842dc8a.vercel.app","class-tracking-lwroj74oz-joes-projects-b842dc8a.vercel.app","dpl_b9PM8pGghA6WbJYVi82ZNafeYHR8",5018.71,"iad1",126,1024,"Database operation timed out
","prj_qZYFGDZBpFoAK4D3PH0dgsQ8qbn3","-"
"2024-11-22 06:04:07",1732255447511,"class-tracking-lwroj74oz-joes-projects-b842dc8a.vercel.app/","GET",200,"sfo1::iad1::v9vnn-1732255439198-9d4a94a14e88","['vercel-screenshot/1.0']","info","production","main","MISS","lambda","/app/main.py","class-tracking-lwroj74oz-joes-projects-b842dc8a.vercel.app","class-tracking-lwroj74oz-joes-projects-b842dc8a.vercel.app","dpl_b9PM8pGghA6WbJYVi82ZNafeYHR8",5018.38,"iad1",126,1024,"Successfully connected to MongoDB Atlas
Successfully connected to MongoDB Atlas
All services initialized successfully
using Asynchronous Server Gateway Interface (ASGI)
Database operation timed out
","prj_qZYFGDZBpFoAK4D3PH0dgsQ8qbn3","-"
"2024-11-22 06:04:07",1732255447477,"class-tracking-lwroj74oz-joes-projects-b842dc8a.vercel.app/","GET",200,"sfo1::iad1::psght-1732255439143-f5eb0a4e8d37","['vercel-screenshot/1.0']","info","production","main","MISS","lambda","/app/main.py","class-tracking-lwroj74oz-joes-projects-b842dc8a.vercel.app","class-tracking-lwroj74oz-joes-projects-b842dc8a.vercel.app","dpl_b9PM8pGghA6WbJYVi82ZNafeYHR8",5029.21,"iad1",126,1024,"Successfully connected to MongoDB Atlas
Successfully connected to MongoDB Atlas
All services initialized successfully
using Asynchronous Server Gateway Interface (ASGI)
Database operation timed out
","prj_qZYFGDZBpFoAK4D3PH0dgsQ8qbn3","-"
"2024-11-22 06:04:07",1732255447438,"class-tracking-lwroj74oz-joes-projects-b842dc8a.vercel.app/","GET",200,"sfo1::iad1::l74pz-1732255439279-9d930265309f","['vercel-screenshot/1.0']","info","production","main","MISS","lambda","/app/main.py","class-tracking-lwroj74oz-joes-projects-b842dc8a.vercel.app","class-tracking-lwroj74oz-joes-projects-b842dc8a.vercel.app","dpl_b9PM8pGghA6WbJYVi82ZNafeYHR8",5019.52,"iad1",126,1024,"Successfully connected to MongoDB Atlas
Successfully connected to MongoDB Atlas
All services initialized successfully
using Asynchronous Server Gateway Interface (ASGI)
Database operation timed out
","prj_qZYFGDZBpFoAK4D3PH0dgsQ8qbn3","-"
"2024-11-22 06:04:07",1732255447294,"class-tracking-lwroj74oz-joes-projects-b842dc8a.vercel.app/","GET",200,"sfo1::iad1::4vsl8-1732255439162-e7872515861c","['vercel-screenshot/1.0']","info","production","main","MISS","lambda","/app/main.py","class-tracking-lwroj74oz-joes-projects-b842dc8a.vercel.app","class-tracking-lwroj74oz-joes-projects-b842dc8a.vercel.app","dpl_b9PM8pGghA6WbJYVi82ZNafeYHR8",5020.6,"iad1",126,1024,"Successfully connected to MongoDB Atlas
Successfully connected to MongoDB Atlas
All services initialized successfully
using Asynchronous Server Gateway Interface (ASGI)
Database operation timed out
","prj_qZYFGDZBpFoAK4D3PH0dgsQ8qbn3","-"
"2024-11-22 06:00:27",1732255227612,"class-tracking.vercel.app/watch","POST",504,"cle1::iad1::27cqd-1732255217530-23a3e4816b16","['Mozilla/5.0 (Macintosh; Intel Mac OS X 10_15_7) AppleWebKit/537.36 (KHTML, like Gecko) Chrome/131.0.0.0 Safari/537.36']","error","production","main","MISS","lambda","/app/main.py","class-tracking.vercel.app","class-tracking.vercel.app","dpl_APyF6UgVWmoBtqdoMwrVD9jXNkqb",10000,"iad1",259,1024,"Received watch request - Subject: None, Course: None, CRNs: 42396, Email: shengshengzhou700@gmail.com
","prj_qZYFGDZBpFoAK4D3PH0dgsQ8qbn3","-"
"2024-11-22 06:00:17",1732255217542,"class-tracking.vercel.app/watch","POST",200,"cle1::cle1::27cqd-1732255217530-23a3e4816b16","['Mozilla/5.0 (Macintosh; Intel Mac OS X 10_15_7) AppleWebKit/537.36 (KHTML, like Gecko) Chrome/131.0.0.0 Safari/537.36']","info","production","main","MISS","edge-middleware","/watch","class-tracking.vercel.app","class-tracking.vercel.app","dpl_APyF6UgVWmoBtqdoMwrVD9jXNkqb",-1,"cle1",-1,-1,"","prj_qZYFGDZBpFoAK4D3PH0dgsQ8qbn3","-"
"2024-11-22 06:00:16",1732255216863,"class-tracking-ban6v20zu-joes-projects-b842dc8a.vercel.app/","GET",200,"cle1:cle1:sfo1:sfo1:sfo1::iad1::7gknw-1732255211764-90b21b925fd1","['Vercel Edge Functions']","info","production","main","MISS","lambda","/app/main.py","class-tracking-ban6v20zu-joes-projects-b842dc8a.vercel.app","class-tracking-ban6v20zu-joes-projects-b842dc8a.vercel.app","dpl_APyF6UgVWmoBtqdoMwrVD9jXNkqb",5008.24,"iad1",130,1024,"Database operation timed out
","prj_qZYFGDZBpFoAK4D3PH0dgsQ8qbn3","-"
"2024-11-22 06:00:09",1732255209224,"class-tracking.vercel.app/static/styles.css","GET",304,"cle1::iad1::88jfb-1732255209120-5127a5b5cf41","['Mozilla/5.0 (Macintosh; Intel Mac OS X 10_15_7) AppleWebKit/537.36 (KHTML, like Gecko) Chrome/131.0.0.0 Safari/537.36']","info","production","main","MISS","lambda","/app/main.py","class-tracking.vercel.app","class-tracking.vercel.app","dpl_APyF6UgVWmoBtqdoMwrVD9jXNkqb",63.13,"iad1",130,1024,"","prj_qZYFGDZBpFoAK4D3PH0dgsQ8qbn3","-"
"2024-11-22 06:00:09",1732255209046,"class-tracking.vercel.app/","GET",200,"cle1:cle1::iad1::kpzx8-1732255203981-c7acdabc48ea","['Mozilla/5.0 (Macintosh; Intel Mac OS X 10_15_7) AppleWebKit/537.36 (KHTML, like Gecko) Chrome/131.0.0.0 Safari/537.36']","info","production","main","MISS","lambda","/app/main.py","class-tracking.vercel.app","class-tracking.vercel.app","dpl_APyF6UgVWmoBtqdoMwrVD9jXNkqb",5009.68,"iad1",127,1024,"Database operation timed out
","prj_qZYFGDZBpFoAK4D3PH0dgsQ8qbn3","-"
"2024-11-22 06:00:03",1732255203943,"class-tracking.vercel.app/","GET",200,"cle1::cle1::vgfxn-1732255203933-2397a1755bc6","['Mozilla/5.0 (Macintosh; Intel Mac OS X 10_15_7) AppleWebKit/537.36 (KHTML, like Gecko) Chrome/131.0.0.0 Safari/537.36']","info","production","main","MISS","edge-middleware","/","class-tracking.vercel.app","class-tracking.vercel.app","dpl_APyF6UgVWmoBtqdoMwrVD9jXNkqb",-1,"cle1",-1,-1,"","prj_qZYFGDZBpFoAK4D3PH0dgsQ8qbn3","-"
"2024-11-22 05:56:55",1732255015354,"class-tracking-ban6v20zu-joes-projects-b842dc8a.vercel.app/","GET",200,"cle1:cle1:sfo1:sfo1:sfo1::iad1::zvlb5-1732255010256-51d47a8d9792","['Vercel Edge Functions']","info","production","main","MISS","lambda","/app/main.py","class-tracking-ban6v20zu-joes-projects-b842dc8a.vercel.app","class-tracking-ban6v20zu-joes-projects-b842dc8a.vercel.app","dpl_APyF6UgVWmoBtqdoMwrVD9jXNkqb",5009.49,"iad1",126,1024,"Database operation timed out
","prj_qZYFGDZBpFoAK4D3PH0dgsQ8qbn3","-"
"2024-11-22 05:56:48",1732255008098,"class-tracking.vercel.app/","GET",200,"cle1:cle1::iad1::4npl8-1732254998570-86c3147ed161","['Mozilla/5.0 (Macintosh; Intel Mac OS X 10_15_7) AppleWebKit/537.36 (KHTML, like Gecko) Chrome/131.0.0.0 Safari/537.36']","info","production","main","MISS","lambda","/app/main.py","class-tracking.vercel.app","class-tracking.vercel.app","dpl_APyF6UgVWmoBtqdoMwrVD9jXNkqb",9499.37,"iad1",126,1024,"Successfully connected to MongoDB Atlas
Successfully connected to MongoDB Atlas
All services initialized successfully
using Asynchronous Server Gateway Interface (ASGI)
Database operation timed out
","prj_qZYFGDZBpFoAK4D3PH0dgsQ8qbn3","-"
"2024-11-22 05:56:38",1732254998532,"class-tracking.vercel.app/","GET",200,"cle1::cle1::rlw7w-1732254998521-f3b6f5305557","['Mozilla/5.0 (Macintosh; Intel Mac OS X 10_15_7) AppleWebKit/537.36 (KHTML, like Gecko) Chrome/131.0.0.0 Safari/537.36']","info","production","main","MISS","edge-middleware","/","class-tracking.vercel.app","class-tracking.vercel.app","dpl_APyF6UgVWmoBtqdoMwrVD9jXNkqb",-1,"cle1",-1,-1,"","prj_qZYFGDZBpFoAK4D3PH0dgsQ8qbn3","-"
"2024-11-22 05:56:33",1732254993523,"class-tracking.vercel.app/watch","POST",504,"cle1::iad1::pzq74-1732254983450-3d90ef4386ac","['Mozilla/5.0 (Macintosh; Intel Mac OS X 10_15_7) AppleWebKit/537.36 (KHTML, like Gecko) Chrome/131.0.0.0 Safari/537.36']","error","production","main","MISS","lambda","/app/main.py","class-tracking.vercel.app","class-tracking.vercel.app","dpl_APyF6UgVWmoBtqdoMwrVD9jXNkqb",10000,"iad1",257,1024,"Received watch request - Subject: None, Course: None, CRNs: 42396, Email: shengshengzhou700@gmail.com
","prj_qZYFGDZBpFoAK4D3PH0dgsQ8qbn3","-"
